#SYMBOL,SYSTEM,MOMENT,ID_DEAL,PRICE_DEAL,VOLUME,OPEN_POS,DIRECTION
SVH1,F,20110111100000080,255223067,30.46000,1,8714,S
SVH1,F,20110111100000080,255223068,30.38000,1,8714,S
SVH1,F,20110111100000080,255223069,30.32000,1,8714,S
SVH1,F,20110111100000080,255223070,30.28000,2,8714,S
SVH1,F,20110111100000080,255223071,30.25000,1,8714,S
SVH1,F,20110111100000080,255223072,30.05000,1,8714,S
SVH1,F,20110111100000080,255223073,30.05000,3,8714,S
RIH1,F,20110111100000097,255223074,177885.00000,1,291758,B
RIH1,F,20110111100000097,255223075,177935.00000,2,291758,B
RIH1,F,20110111100000097,255223076,177980.00000,10,291758,B
RIH1,F,20110111100000097,255223077,177995.00000,1,291758,B
RIH1,F,20110111100000097,255223078,178100.00000,2,291758,B
RIH1,F,20110111100000097,255223079,178200.00000,1,291758,B
RIH1,F,20110111100000097,255223080,178205.00000,1,291758,B
RIH1,F,20110111100000097,255223081,178340.00000,1,291758,B
RIH1,F,20110111100000097,255223082,178375.00000,2,291758,B
RIH1,F,20110111100000097,255223083,178415.00000,1,291758,B
RIH1,F,20110111100000097,255223084,178480.00000,1,291758,B
RIH1,F,20110111100000097,255223085,178495.00000,8,291758,B
RIH1,F,20110111100000097,255223086,178500.00000,1,291758,B
RIH1,F,20110111100000097,255223087,178500.00000,1,291758,B
RIH1,F,20110111100000097,255223088,178500.00000,1,291758,B
RIH1,F,20110111100000097,255223089,178510.00000,1,291758,B
RIH1,F,20110111100000097,255223090,178515.00000,1,291758,B
RIH1,F,20110111100000097,255223091,178550.00000,1,291758,B
RIH1,F,20110111100000097,255223092,178800.00000,10,291758,B
RIH1,F,20110111100000097,255223093,178880.00000,1,291758,B
RIH1,F,20110111100000097,255223094,178980.00000,1,291758,B
RIH1,F,20110111100000097,255223095,179000.00000,5,291758,B
RIH1,F,20110111100000097,255223096,179000.00000,1,291758,B
RIH1,F,20110111100000097,255223097,179090.00000,1,291758,B
RIH1,F,20110111100000097,255223098,179100.00000,5,291758,B
EDH1,F,20110111100000097,255223099,1.32610,1,142114,S
EDH1,F,20110111100000097,255223100,1.32600,2,142114,S
EDH1,F,20110111100000097,255223101,1.32550,3,142114,S
EDH1,F,20110111100000097,255223102,1.32550,5,142114,S
EDH1,F,20110111100000097,255223103,1.32520,2,142114,S
EDH1,F,20110111100000097,255223104,1.32520,8,142114,S
EDH1,F,20110111100000097,255223105,1.32500,1,142114,S
EDH1,F,20110111100000097,255223106,1.32470,1,142114,S
EDH1,F,20110111100000097,255223107,1.32470,1,142114,S
EDH1,F,20110111100000097,255223108,1.32440,1,142114,S
EDH1,F,20110111100000097,255223109,1.32420,5,142114,S
EDH1,F,20110111100000097,255223110,1.32360,2,142114,S
EDH1,F,20110111100000097,255223111,1.32200,5,142114,S
EDH1,F,20110111100000097,255223112,1.32200,1,142114,S
EDH1,F,20110111100000097,255223113,1.32000,2,142114,S
EDH1,F,20110111100000097,255223114,1.31960,117,142114,S
EDH1,F,20110111100000097,255223115,1.31960,6,142114,S
EDH1,F,20110111100000097,255223116,1.31940,5,142114,S
EDH1,F,20110111100000097,255223117,1.31500,1,142114,S
EDH1,F,20110111100000097,255223118,1.31500,1,142114,S
EDH1,F,20110111100000097,255223119,1.31200,25,142114,S
EDH1,F,20110111100000097,255223120,1.31110,1,142114,S
EDH1,F,20110111100000097,255223121,1.31000,1,142114,S
EDH1,F,20110111100000097,255223122,1.31000,5,142114,S
EDH1,F,20110111100000097,255223123,1.30800,1,142114,S
EDH1,F,20110111100000097,255223124,1.30800,5,142114,S
EDH1,F,20110111100000097,255223125,1.30700,1,142114,S
EDH1,F,20110111100000097,255223126,1.30500,1,142114,S
EDH1,F,20110111100000097,255223127,1.30140,1,142114,S
EDH1,F,20110111100000127,255223128,1.29550,1,142114,S
EDH1,F,20110111100000127,255223129,1.29550,1,142114,S
SVH1,F,20110111100000127,255223130,30.05000,2,8730,S
SVH1,F,20110111100000127,255223131,30.04000,5,8730,S
SVH1,F,20110111100000127,255223132,30.00000,2,8730,S
SVH1,F,20110111100000127,255223133,29.75000,1,8730,S
SVH1,F,20110111100000127,255223134,29.75000,5,8730,S
SVH1,F,20110111100000127,255223135,29.74000,1,8730,S
SVH1,F,20110111100000127,255223136,29.44000,1,8730,S
SVH1,F,20110111100000127,255223137,29.25000,1,8730,S
BRF1,F,20110111100000207,255223138,93.80000,5,60404,B
BRF1,F,20110111100000207,255223139,94.00000,1,60404,B
BRF1,F,20110111100000207,255223140,94.50000,1,60404,B
BRF1,F,20110111100000207,255223141,94.50000,1,60404,B
BRF1,F,20110111100000207,255223142,94.79000,100,60404,B
RIH1,F,20110111100000987,255223143,179100.00000,3,291758,S
RIH1,F,20110111100001003,255223144,179100.00000,10,291772,S
GDM1,F,20110111100001033,255223145,1408.00000,1,8248,S
GDM1,F,20110111100001033,255223146,1400.00000,1,8248,S
GDM1,F,20110111100001033,255223147,1397.00000,1,8248,S
GDH1,F,20110111100001047,255223148,1407.00000,15,54342,S
GDH1,F,20110111100001047,255223149,1405.00000,1,54342,S
GDH1,F,20110111100001047,255223150,1405.00000,6,54342,S
GDH1,F,20110111100001047,255223151,1400.00000,1,54342,S
GDH1,F,20110111100001047,255223152,1400.00000,10,54342,S
GDH1,F,20110111100001047,255223153,1390.00000,3,54342,S
GDH1,F,20110111100001047,255223154,1388.70000,1,54342,S
GDH1,F,20110111100001047,255223155,1387.00000,1,54342,S
GDH1,F,20110111100001047,255223156,1385.50000,2,54342,S
EuH1,F,20110111100001080,255223157,40770.00000,2,124354,S
EuH1,F,20110111100001080,255223158,40762.00000,5,124354,S
EuH1,F,20110111100001080,255223159,40555.00000,1,124354,S
RIH1,F,20110111100001080,255223160,179100.00000,8,291788,S
RIH1,F,20110111100001080,255223161,179500.00000,1,291798,B
RIH1,F,20110111100001080,255223162,179500.00000,1,291798,B
RIH1,F,20110111100001080,255223163,179840.00000,3,291798,B
RIH1,F,20110111100001297,255223166,179100.00000,1,291798,S
RIH1,F,20110111100001313,255223167,179505.00000,1,291798,B
GDH1,F,20110111100001313,255223168,1382.50000,1,54344,S
GDH1,F,20110111100001313,255223169,1380.50000,1,54344,S
GDH1,F,20110111100001313,255223170,1380.00000,3,54344,S
SiH1,F,20110111100001330,255223171,30690.00000,14,677654,S
SVH1,F,20110111100001377,255223172,29.24000,5,8740,B
RIH1,F,20110111100001440,255223173,179100.00000,5,291808,S
RIH1,F,20110111100001470,255223174,179105.00000,1,291810,S
SVH1,F,20110111100001470,255223175,29.14000,1,8738,S
LKH1,F,20110111100001470,255223176,17550.00000,1,79500,B
LKH1,F,20110111100001470,255223177,17570.00000,1,79500,B
LKH1,F,20110111100001470,255223178,17587.00000,1,79500,B
LKH1,F,20110111100001470,255223179,17588.00000,24,79500,B
LKH1,F,20110111100001470,255223180,17599.00000,10,79500,B
LKH1,F,20110111100001470,255223181,17600.00000,1,79500,B
LKH1,F,20110111100001470,255223182,17630.00000,1,79500,B
LKH1,F,20110111100001470,255223183,17634.00000,3,79500,B
LKH1,F,20110111100001470,255223184,17649.00000,1,79500,B
LKH1,F,20110111100001470,255223185,17670.00000,1,79500,B
LKH1,F,20110111100001470,255223186,17687.00000,11,79500,B
LKH1,F,20110111100001533,255223188,17687.00000,14,79500,B
SRH1,F,20110111100001563,255223191,10595.00000,1,648566,B
RIH1,F,20110111100001610,255223192,179495.00000,1,291852,B
RIH1,F,20110111100001610,255223193,179495.00000,1,291852,B
RIH1,F,20110111100001610,255223194,179495.00000,1,291852,B
RIH1,F,20110111100001610,255223195,179500.00000,1,291852,B
RIH1,F,20110111100001610,255223196,179505.00000,1,291852,B
RIH1,F,20110111100001610,255223197,179835.00000,2,291852,B
RIH1,F,20110111100001610,255223198,179840.00000,2,291852,B
RIH1,F,20110111100001610,255223199,179840.00000,5,291852,B
RIH1,F,20110111100001610,255223200,179920.00000,1,291852,B
RIH1,F,20110111100001610,255223201,179945.00000,5,291852,B
RIH1,F,20110111100001610,255223202,179945.00000,15,291852,B
RIH1,F,20110111100001610,255223203,179980.00000,1,291852,B
RIH1,F,20110111100001610,255223204,179985.00000,1,291852,B
RIH1,F,20110111100001610,255223205,179995.00000,1,291852,B
RIH1,F,20110111100001610,255223206,180000.00000,1,291852,B
RIH1,F,20110111100001610,255223207,180000.00000,2,291852,B
RIH1,F,20110111100001610,255223208,180000.00000,4,291852,B
RIH1,F,20110111100001627,255223209,180000.00000,1,291858,B
RIH1,F,20110111100001627,255223210,180000.00000,1,291858,B
RIH1,F,20110111100001627,255223211,180000.00000,1,291858,B
RIH1,F,20110111100001627,255223212,180170.00000,1,291858,B
RIH1,F,20110111100001643,255223213,180260.00000,9,291876,S
EDH1,F,20110111100001643,255223214,1.29490,1,142116,B
RIH1,F,20110111100001643,255223215,179105.00000,1,291872,S
RIH1,F,20110111100001643,255223216,179105.00000,1,291872,S
RIH1,F,20110111100001643,255223217,179100.00000,13,291872,S
RIH1,F,20110111100001657,255223218,179950.00000,1,291874,B
RIH1,F,20110111100001657,255223219,179500.00000,1,291874,S
RIH1,F,20110111100001673,255223220,179830.00000,1,291876,B
RIH1,F,20110111100001673,255223221,179500.00000,1,291878,S
RIH1,F,20110111100001690,255223222,179110.00000,1,291906,S
RIH1,F,20110111100001690,255223223,179110.00000,1,291906,S
RIH1,F,20110111100001690,255223224,179100.00000,13,291906,S
GZH1,F,20110111100001753,255223225,19577.00000,1,352322,B
GZH1,F,20110111100001753,255223226,19578.00000,4,352322,B
EDH1,F,20110111100001813,255223227,1.29500,4,142124,B
EDH1,F,20110111100001907,255223228,1.29500,3,142124,B
GZH1,F,20110111100001923,255223229,19578.00000,3,352322,B
EDH1,F,20110111100001923,255223230,1.29500,93,142124,B
EDH1,F,20110111100001923,255223231,1.29520,498,142124,B
EDH1,F,20110111100001923,255223232,1.29520,409,142124,B
EDH1,F,20110111100001957,255223233,1.29520,91,142124,B
EDH1,F,20110111100001957,255223234,1.29550,159,142124,B
RIH1,F,20110111100001957,255223235,179145.00000,1,291944,B
RIH1,F,20110111100001957,255223236,179145.00000,1,291944,B
RIH1,F,20110111100001957,255223237,179455.00000,2,291944,B
RIH1,F,20110111100001957,255223238,179600.00000,16,291944,B
RIH1,F,20110111100002033,255223239,179495.00000,5,291946,B
EDH1,F,20110111100002063,255223240,1.29500,1,142126,B
RIH1,F,20110111100002063,255223241,179105.00000,1,291946,S
GDH1,F,20110111100002080,255223242,1380.00000,1,54344,S
EDH1,F,20110111100002110,255223243,1.29550,50,142126,B
RIH1,F,20110111100002110,255223244,179495.00000,1,291948,B
GDH1,F,20110111100002127,255223245,1380.00000,5,54344,S
SRH1,F,20110111100002143,255223246,10594.00000,10,648586,B
EDH1,F,20110111100002143,255223247,1.29550,2,142126,B
RIH1,F,20110111100002207,255223248,179400.00000,1,291948,S
SRH1,F,20110111100002253,255223250,10594.00000,1,648588,B
SRH1,F,20110111100002267,255223251,10594.00000,1,648590,B
EDH1,F,20110111100002267,255223252,1.29550,39,142226,B
EDH1,F,20110111100002267,255223253,1.29600,11,142226,B
RIH1,F,20110111100002297,255223254,179490.00000,2,291952,B
EDH1,F,20110111100002313,255223255,1.29600,1,142226,B
LKH1,F,20110111100002360,255223256,17687.00000,5,79500,B
GDM1,F,20110111100002377,255223257,1380.00000,1,8248,S
SRH1,F,20110111100002423,255223258,10594.00000,2,648594,B
RIH1,F,20110111100002423,255223259,179110.00000,1,291952,S
RIH1,F,20110111100002423,255223260,179110.00000,1,291954,S
EDH1,F,20110111100002457,255223261,1.29600,1,142226,B
GDH1,F,20110111100002503,255223262,1390.00000,3,54336,B
GDH1,F,20110111100002503,255223263,1390.00000,1,54336,B
GDH1,F,20110111100002503,255223264,1400.00000,1,54336,B
SRH1,F,20110111100002517,255223265,10591.00000,1,648596,S
RIH1,F,20110111100002547,255223266,179485.00000,1,291952,B
EDH1,F,20110111100002597,255223267,1.29600,1,142228,B
RIH1,F,20110111100002597,255223268,179105.00000,7,291932,S
RIH1,F,20110111100002597,255223269,179105.00000,3,291932,S
BRG1,F,20110111100002627,255223271,93.50000,2,2150,B
BRG1,F,20110111100002627,255223272,94.30000,2,2150,B
BRG1,F,20110111100002627,255223273,94.50000,2,2150,B
RIH1,F,20110111100002627,255223276,179300.00000,1,291932,S
GZH1,F,20110111100002657,255223277,19533.00000,10,352342,S
GDH1,F,20110111100002690,255223278,1380.00000,1,54334,S
GDH1,F,20110111100002707,255223279,1380.00000,8,54318,S
RNH1,F,20110111100002753,255223280,21980.00000,1,23562,B
RNH1,F,20110111100002753,255223281,22040.00000,1,23562,B
RNH1,F,20110111100002753,255223282,22070.00000,1,23562,B
RIH1,F,20110111100002860,255223283,179135.00000,4,291940,S
RIH1,F,20110111100002860,255223284,179105.00000,1,291940,S
RIH1,F,20110111100002860,255223285,179105.00000,6,291974,S
RIH1,F,20110111100002860,255223286,179100.00000,13,291974,S
LKH1,F,20110111100002877,255223287,17685.00000,1,79498,S
LKH1,F,20110111100002893,255223288,17685.00000,1,79496,S
RIH1,F,20110111100002940,255223290,179100.00000,2,291978,S
SRH1,F,20110111100002957,255223291,10594.00000,1,648596,B
RIH1,F,20110111100002987,255223292,179100.00000,4,291986,S
RIH1,F,20110111100003003,255223293,179110.00000,1,292008,S
RIH1,F,20110111100003003,255223294,179110.00000,1,292008,S
RIH1,F,20110111100003003,255223295,179100.00000,18,292008,S
SRH1,F,20110111100003033,255223296,10599.00000,1,648596,B
SRH1,F,20110111100003080,255223297,10599.00000,1,648598,B
SRH1,F,20110111100003097,255223298,10599.00000,1,648598,B
SRH1,F,20110111100003097,255223299,10599.00000,7,648612,B
RIH1,F,20110111100003157,255223300,179115.00000,1,292010,S
RIH1,F,20110111100003237,255223304,179140.00000,1,292014,B
RIH1,F,20110111100003237,255223305,179140.00000,2,292014,B
RIH1,F,20110111100003237,255223306,179140.00000,1,292014,B
RIH1,F,20110111100003297,255223307,179140.00000,1,292014,S
SiH1,F,20110111100003313,255223308,30720.00000,5,677666,S
SiH1,F,20110111100003313,255223309,30691.00000,9,677666,S
BRH1,F,20110111100003313,255223310,94.21000,5,460,B
BRH1,F,20110111100003313,255223311,94.51000,5,460,B
BRH1,F,20110111100003313,255223312,94.71000,5,460,B
RIH1,F,20110111100003347,255223313,179105.00000,1,292016,S
RIH1,F,20110111100003377,255223314,179105.00000,1,292018,S
SRH1,F,20110111100003377,255223315,10599.00000,24,648612,B
SRH1,F,20110111100003377,255223316,10599.00000,16,648612,B
RIH1,F,20110111100003377,255223317,179135.00000,1,292018,B
SRH1,F,20110111100003440,255223318,10599.00000,1,648612,B
RIH1,F,20110111100003470,255223319,179135.00000,2,292018,B
RIH1,F,20110111100003470,255223320,179145.00000,1,292018,B
RIH1,F,20110111100003597,255223321,179150.00000,1,292018,B
RIH1,F,20110111100003643,255223322,179175.00000,4,292018,S
RIH1,F,20110111100003657,255223323,179175.00000,4,292026,S
GZH1,F,20110111100003707,255223324,19576.00000,5,352346,B
SRH1,F,20110111100003737,255223325,10599.00000,3,648618,B
SRH1,F,20110111100003737,255223326,10600.00000,7,648618,B
RIH1,F,20110111100003737,255223327,179175.00000,1,292028,S
SRH1,F,20110111100003767,255223328,10600.00000,3,648618,B
SRH1,F,20110111100003767,255223329,10600.00000,1,648618,B
SRH1,F,20110111100003767,255223330,10600.00000,1,648618,B
SRH1,F,20110111100003767,255223331,10600.00000,1,648618,B
SRH1,F,20110111100003767,255223332,10600.00000,5,648618,B
RIH1,F,20110111100003783,255223333,179195.00000,4,292030,B
RIH1,F,20110111100003783,255223334,179195.00000,2,292038,B
RIH1,F,20110111100003783,255223335,179195.00000,1,292038,B
RIH1,F,20110111100003783,255223336,179200.00000,1,292038,B
RIH1,F,20110111100003813,255223337,179200.00000,2,292038,B
SRH1,F,20110111100003847,255223338,10600.00000,45,648628,B
SRH1,F,20110111100003847,255223339,10600.00000,5,648628,B
SRH1,F,20110111100003847,255223340,10600.00000,5,648628,B
SRH1,F,20110111100003847,255223341,10600.00000,2,648628,B
SRH1,F,20110111100003847,255223342,10600.00000,5,648628,B
RIH1,F,20110111100003860,255223343,179175.00000,1,292040,S
RIH1,F,20110111100003877,255223344,179175.00000,1,292042,S
VBH1,F,20110111100003877,255223345,10111.00000,1,47446,B
VBH1,F,20110111100003877,255223346,10190.00000,4,47446,B
VBH1,F,20110111100003877,255223347,10198.00000,31,47446,B
VBH1,F,20110111100003877,255223348,10199.00000,20,47446,B
GDH1,F,20110111100003877,255223349,1380.00000,20,54278,S
GZH1,F,20110111100003907,255223350,19576.00000,13,352372,B
GZH1,F,20110111100003907,255223351,19578.00000,13,352372,B
SRH1,F,20110111100003907,255223352,10610.00000,10,648628,B
RIH1,F,20110111100003940,255223353,179175.00000,10,292042,S
GZH1,F,20110111100003940,255223354,19578.00000,3,352372,B
SRH1,F,20110111100003970,255223355,10610.00000,2,648632,B
SRH1,F,20110111100003970,255223356,10611.00000,2,648632,B
RIH1,F,20110111100003970,255223357,179175.00000,1,292042,S
RIM1,F,20110111100004017,255223358,178820.00000,1,226,B
RIH1,F,20110111100004080,255223359,179175.00000,1,292044,S
EDH1,F,20110111100004143,255223360,1.29580,1,142232,S
EDH1,F,20110111100004143,255223361,1.29550,1,142232,S
EDH1,F,20110111100004143,255223362,1.29500,1,142232,S
RIH1,F,20110111100004157,255223363,179175.00000,1,292046,S
RIH1,F,20110111100004207,255223364,179175.00000,1,292048,S
RIH1,F,20110111100004237,255223365,179175.00000,5,292058,S
LKH1,F,20110111100004267,255223366,17650.00000,5,79496,B
RIH1,F,20110111100004313,255223367,179175.00000,1,292058,S
RIH1,F,20110111100004330,255223368,179175.00000,1,292058,S
SAH1,F,20110111100004330,255223369,20.65000,1,1514,B
SAH1,F,20110111100004330,255223370,20.70000,1,1514,B
SAH1,F,20110111100004330,255223371,20.75000,2,1514,B
SAH1,F,20110111100004330,255223372,20.83000,4,1514,B
SAH1,F,20110111100004330,255223373,20.85000,1,1514,B
SAH1,F,20110111100004330,255223374,20.87000,2,1514,B
SAH1,F,20110111100004330,255223375,20.90000,25,1514,B
SAH1,F,20110111100004330,255223376,20.91000,3,1514,B
RIH1,F,20110111100004347,255223377,179200.00000,2,292062,B
RIH1,F,20110111100004347,255223378,179235.00000,1,292062,B
RIH1,F,20110111100004360,255223379,179235.00000,2,292062,B
RIH1,F,20110111100004377,255223380,179185.00000,2,292076,S
RIH1,F,20110111100004377,255223381,179175.00000,7,292076,S
RIH1,F,20110111100004377,255223382,179115.00000,1,292076,S
RIH1,F,20110111100004377,255223383,179115.00000,1,292076,S
LKH1,F,20110111100004393,255223384,17686.00000,12,79520,B
LKH1,F,20110111100004393,255223385,17687.00000,1,79520,B
RIH1,F,20110111100004407,255223386,179230.00000,1,292078,B
GDH1,F,20110111100004517,255223387,1380.50000,10,54298,S
GDH1,F,20110111100004517,255223388,1380.00000,90,54298,S
RIH1,F,20110111100004533,255223389,179225.00000,1,292082,B
RIH1,F,20110111100004533,255223390,179225.00000,1,292082,B
RNH1,F,20110111100004847,255223391,22101.00000,3,23564,B
LKH1,F,20110111100004860,255223392,17602.00000,4,79512,S
RIH1,F,20110111100004860,255223393,179190.00000,1,292082,S
GDH1,F,20110111100004877,255223394,1387.00000,10,54298,B
RIH1,F,20110111100004893,255223395,179195.00000,1,292082,B
RIH1,F,20110111100004893,255223396,179190.00000,1,292080,S
RIH1,F,20110111100004907,255223397,179165.00000,8,292042,S
RIH1,F,20110111100004907,255223398,179160.00000,3,292042,S
RIH1,F,20110111100004907,255223399,179130.00000,4,292042,S
RIH1,F,20110111100004907,255223400,179130.00000,10,292042,S
RIH1,F,20110111100004907,255223401,179125.00000,1,292042,S
RIH1,F,20110111100004907,255223402,179125.00000,1,292042,S
RIH1,F,20110111100004907,255223403,179115.00000,8,292042,S
RIH1,F,20110111100004907,255223404,179105.00000,1,292044,S
RIH1,F,20110111100004907,255223405,179105.00000,1,292046,S
EuH1,F,20110111100005003,255223406,40063.00000,1,124352,S
GZH1,F,20110111100005003,255223407,19579.00000,5,352382,S
RIH1,F,20110111100005003,255223408,179165.00000,1,292046,S
RIH1,F,20110111100005017,255223409,179100.00000,1,292048,S
SRH1,F,20110111100005063,255223410,10610.00000,5,648642,S
GZH1,F,20110111100005063,255223411,19579.00000,2,352386,S
SRH1,F,20110111100005080,255223412,10610.00000,1,648642,S
SRH1,F,20110111100005097,255223413,10611.00000,2,648640,B
SRH1,F,20110111100005097,255223414,10612.00000,1,648640,B
SRH1,F,20110111100005220,255223415,10615.00000,2,648678,S
SRH1,F,20110111100005220,255223416,10610.00000,18,648678,S
SRH1,F,20110111100005267,255223417,10611.00000,10,648678,S
SRH1,F,20110111100005267,255223418,10619.00000,1,648676,B
SRH1,F,20110111100005283,255223419,10619.00000,1,648610,B
SRH1,F,20110111100005283,255223420,10619.00000,1,648610,B
SRH1,F,20110111100005283,255223421,10620.00000,1,648610,B
SRH1,F,20110111100005283,255223422,10623.00000,1,648610,B
SRH1,F,20110111100005283,255223423,10630.00000,1,648610,B
SRH1,F,20110111100005283,255223424,10630.00000,5,648610,B
SRH1,F,20110111100005283,255223425,10632.00000,1,648610,B
SRH1,F,20110111100005283,255223426,10639.00000,10,648610,B
SRH1,F,20110111100005283,255223427,10640.00000,1,648610,B
SRH1,F,20110111100005283,255223428,10643.00000,1,648610,B
SRH1,F,20110111100005283,255223429,10649.00000,1,648610,B
SRH1,F,20110111100005283,255223430,10649.00000,1,648610,B
SRH1,F,20110111100005283,255223431,10650.00000,1,648610,B
SRH1,F,20110111100005283,255223432,10650.00000,5,648610,B
SRH1,F,20110111100005283,255223433,10650.00000,1,648610,B
SRH1,F,20110111100005283,255223434,10650.00000,2,648610,B
LKH1,F,20110111100005313,255223435,17648.00000,2,79512,S
LKH1,F,20110111100005313,255223436,17623.00000,2,79512,S
GZH1,F,20110111100005330,255223437,19580.00000,3,352386,B
GZH1,F,20110111100005330,255223438,19580.00000,1,352386,B
RIH1,F,20110111100005360,255223439,179130.00000,1,292050,S
LKH1,F,20110111100005377,255223440,17613.00000,5,79522,B
RIH1,F,20110111100005423,255223441,179130.00000,1,292050,S
RIH1,F,20110111100005423,255223442,179115.00000,5,292050,S
RIH1,F,20110111100005423,255223443,179110.00000,4,292050,S
RIH1,F,20110111100005423,255223444,179110.00000,2,292050,S
RIH1,F,20110111100005423,255223445,179100.00000,33,292050,S
RIH1,F,20110111100005423,255223446,179100.00000,15,292140,S
RIH1,F,20110111100005423,255223447,179100.00000,1,292140,S
RIH1,F,20110111100005423,255223448,179100.00000,2,292140,S
RIH1,F,20110111100005423,255223449,179000.00000,27,292140,S
LKH1,F,20110111100005440,255223450,17613.00000,2,79526,B
RIH1,F,20110111100005457,255223451,179120.00000,2,292144,S
SiH1,F,20110111100005470,255223452,30750.00000,20,677732,B
SiH1,F,20110111100005470,255223453,30750.00000,10,677732,B
SiH1,F,20110111100005470,255223454,30751.00000,4,677732,B
EDH1,F,20110111100005487,255223455,1.29600,1,142234,B
RIH1,F,20110111100005517,255223456,179130.00000,1,292144,S
RIH1,F,20110111100005533,255223457,179120.00000,1,292146,S
RIH1,F,20110111100005533,255223458,179120.00000,1,292146,S
RIH1,F,20110111100005597,255223459,179010.00000,1,292146,S
RIH1,F,20110111100005627,255223460,179005.00000,1,292148,B
RIH1,F,20110111100005657,255223461,179085.00000,1,292148,S
RIH1,F,20110111100005720,255223462,179055.00000,1,292148,B
RIH1,F,20110111100005720,255223463,179055.00000,1,292148,B
RIH1,F,20110111100005737,255223464,179045.00000,10,292148,B
RIH1,F,20110111100005737,255223465,179050.00000,4,292148,B
SRH1,F,20110111100005753,255223466,10655.00000,1,648610,B
SRH1,F,20110111100005753,255223467,10657.00000,1,648610,B
RIH1,F,20110111100005767,255223468,179045.00000,1,292148,B
VBH1,F,20110111100005783,255223469,10201.00000,1,47446,S
RIH1,F,20110111100005813,255223471,179000.00000,1,292150,S
RIH1,F,20110111100005847,255223472,179055.00000,1,292150,B
SiH1,F,20110111100005893,255223473,30749.00000,33,677852,B
SiH1,F,20110111100005893,255223474,30750.00000,4,677852,B
SiH1,F,20110111100005893,255223475,30750.00000,20,677852,B
SiH1,F,20110111100005893,255223476,30753.00000,1,677852,B
SiH1,F,20110111100005893,255223477,30753.00000,2,677852,B
SiH1,F,20110111100005893,255223478,30754.00000,1,677852,B
SiH1,F,20110111100005893,255223479,30754.00000,10,677852,B
SiH1,F,20110111100005893,255223480,30759.00000,1,677852,B
SiH1,F,20110111100005893,255223481,30760.00000,10,677852,B
SiH1,F,20110111100005893,255223482,30774.00000,1,677852,B
SiH1,F,20110111100005893,255223483,30779.00000,1,677852,B
SiH1,F,20110111100005893,255223484,30788.00000,3,677852,B
SiH1,F,20110111100005893,255223485,30789.00000,13,677852,B
RNH1,F,20110111100005957,255223486,22101.00000,5,23564,B
RIH1,F,20110111100006207,255223487,179000.00000,1,292152,S
RIH1,F,20110111100006267,255223488,179000.00000,2,292152,S
RIH1,F,20110111100006283,255223490,179000.00000,1,292154,S
RIH1,F,20110111100006283,255223491,179005.00000,5,292164,B
RIH1,F,20110111100006283,255223492,179000.00000,2,292168,S
SRH1,F,20110111100006297,255223493,10651.00000,5,648610,S
SiH1,F,20110111100006297,255223494,30789.00000,3,677852,B
SRH1,F,20110111100006360,255223496,10651.00000,5,648610,S
RIH1,F,20110111100006393,255223498,179005.00000,1,292168,B
RIH1,F,20110111100006393,255223499,179035.00000,1,292168,B
LKH1,F,20110111100006457,255223500,17610.00000,4,79524,B
LKH1,F,20110111100006457,255223501,17611.00000,1,79524,B
SRH1,F,20110111100006470,255223502,10657.00000,14,648626,B
SRH1,F,20110111100006470,255223503,10660.00000,1,648626,B
SRH1,F,20110111100006470,255223504,10662.00000,3,648626,B
RIH1,F,20110111100006503,255223505,179000.00000,10,292188,S
SRH1,F,20110111100006503,255223506,10656.00000,3,648626,S
VBH1,F,20110111100006517,255223507,10244.00000,4,47440,B
GZH1,F,20110111100006547,255223508,19587.00000,2,352384,B
SRH1,F,20110111100006707,255223510,10657.00000,5,648616,S
RIH1,F,20110111100006707,255223511,179020.00000,4,292180,B
RIH1,F,20110111100006707,255223512,179035.00000,2,292180,B
SRH1,F,20110111100006720,255223513,10658.00000,4,648616,B
SRH1,F,20110111100006720,255223514,10662.00000,1,648616,B
RIH1,F,20110111100006753,255223515,179035.00000,2,292180,B
RIH1,F,20110111100006753,255223516,179040.00000,1,292180,B
EuH1,F,20110111100006813,255223518,40063.00000,1,124352,S
EDH1,F,20110111100006860,255223519,1.29600,1,142236,B
RIH1,F,20110111100006877,255223520,179050.00000,1,292180,B
SiH1,F,20110111100006893,255223521,30788.00000,1,677854,B
RIH1,F,20110111100006940,255223522,179000.00000,1,292182,S
SRH1,F,20110111100006987,255223523,10662.00000,3,648616,B
GZH1,F,20110111100007017,255223524,19587.00000,1,352382,B
EuH1,F,20110111100007033,255223525,40063.00000,2,124352,S
RIH1,F,20110111100007033,255223526,179050.00000,3,292188,B
RIH1,F,20110111100007063,255223527,179005.00000,1,292208,S
RIH1,F,20110111100007063,255223528,179000.00000,9,292208,S
EDH1,F,20110111100007080,255223529,1.29600,2,142240,B
SiH1,F,20110111100007110,255223530,30784.00000,2,677854,B
SiH1,F,20110111100007110,255223531,30789.00000,1,677854,B
SRH1,F,20110111100007157,255223532,10657.00000,2,648616,S
SRH1,F,20110111100007173,255223533,10662.00000,2,648620,B
EuH1,F,20110111100007237,255223535,40063.00000,1,124352,S
EuH1,F,20110111100007237,255223536,40063.00000,1,124352,S
RIH1,F,20110111100007237,255223537,179005.00000,1,292212,S
RIH1,F,20110111100007237,255223538,179005.00000,1,292212,S
EDH1,F,20110111100007313,255223539,1.29600,2,142244,B
SiH1,F,20110111100007330,255223540,30789.00000,2,677854,B
SRH1,F,20110111100007377,255223541,10662.00000,2,648726,B
SRH1,F,20110111100007377,255223542,10662.00000,2,648726,B
SRH1,F,20110111100007377,255223543,10665.00000,5,648726,B
SRH1,F,20110111100007377,255223544,10669.00000,1,648726,B
SRH1,F,20110111100007377,255223545,10669.00000,10,648726,B
SRH1,F,20110111100007377,255223546,10669.00000,3,648726,B
SRH1,F,20110111100007377,255223547,10670.00000,1,648726,B
SRH1,F,20110111100007377,255223548,10670.00000,46,648726,B
SRH1,F,20110111100007393,255223549,10670.00000,54,648866,B
SRH1,F,20110111100007393,255223550,10672.00000,16,648866,B
SiH1,F,20110111100007440,255223551,30735.00000,15,677854,S
SRH1,F,20110111100007457,255223552,10672.00000,1,648868,B
EuH1,F,20110111100007457,255223553,40063.00000,1,124352,S
EuH1,F,20110111100007457,255223554,40063.00000,1,124352,S
SRH1,F,20110111100007470,255223555,10672.00000,1,648868,B
EDH1,F,20110111100007517,255223556,1.29600,2,142248,B
SiH1,F,20110111100007547,255223557,30789.00000,3,677854,B
RIH1,F,20110111100007563,255223558,179055.00000,1,292214,B
RIH1,F,20110111100007627,255223559,179055.00000,1,292216,B
EuH1,F,20110111100007690,255223560,40063.00000,1,124352,S
EuH1,F,20110111100007690,255223561,40063.00000,1,124352,S
EDH1,F,20110111100007737,255223562,1.29600,2,142252,B
SRH1,F,20110111100007737,255223563,10671.00000,5,648868,B
SRH1,F,20110111100007737,255223564,10672.00000,10,648868,B
SiH1,F,20110111100007753,255223565,30789.00000,3,677854,B
GZH1,F,20110111100007783,255223566,19597.00000,1,352382,B
EuH1,F,20110111100007907,255223567,40063.00000,1,124352,S
EuH1,F,20110111100007907,255223568,40063.00000,1,124352,S
VBH1,F,20110111100007940,255223569,10201.00000,2,47440,S
EDH1,F,20110111100007970,255223570,1.29600,2,142256,B
SiH1,F,20110111100007987,255223571,30789.00000,2,677854,B
SNH1,F,20110111100008003,255223572,32445.00000,1,4946,B
SNH1,F,20110111100008003,255223573,32799.00000,4,4946,B
RIH1,F,20110111100008047,255223574,179040.00000,2,292212,B
RIH1,F,20110111100008047,255223575,179055.00000,1,292212,B
SRH1,F,20110111100008063,255223576,10665.00000,10,648868,S
SRH1,F,20110111100008097,255223577,10665.00000,2,648864,S
SRH1,F,20110111100008127,255223578,10665.00000,8,648864,S
SRH1,F,20110111100008127,255223579,10665.00000,2,648864,S
SRH1,F,20110111100008157,255223580,10665.00000,2,648860,S
SRH1,F,20110111100008237,255223581,10665.00000,6,648864,S
SRH1,F,20110111100008237,255223582,10665.00000,4,648864,S
RIH1,F,20110111100008297,255223583,179000.00000,4,292220,S
SiH1,F,20110111100008347,255223584,30756.00000,14,677854,S
RIH1,F,20110111100008360,255223585,179005.00000,4,292308,S
RIH1,F,20110111100008360,255223586,179000.00000,43,292308,S
RIH1,F,20110111100008360,255223587,179000.00000,1,292308,S
RIH1,F,20110111100008360,255223588,179000.00000,1,292308,S
RIH1,F,20110111100008360,255223589,179035.00000,3,292314,B
RIH1,F,20110111100008360,255223590,179035.00000,3,292320,B
GZH1,F,20110111100008393,255223591,19598.00000,4,352374,B
SRH1,F,20110111100008393,255223592,10671.00000,2,648864,B
EDH1,F,20110111100008393,255223593,1.29600,10,142256,B
GZH1,F,20110111100008487,255223594,19598.00000,5,352374,B
SRH1,F,20110111100008487,255223595,10660.00000,5,648864,S
SRH1,F,20110111100008597,255223596,10660.00000,5,648864,S
SRH1,F,20110111100008673,255223598,10655.00000,10,648864,B
RIH1,F,20110111100008753,255223599,179030.00000,1,292322,B
RIH1,F,20110111100008753,255223600,179040.00000,1,292322,B
LKH1,F,20110111100008893,255223601,17613.00000,5,79534,B
RNH1,F,20110111100008957,255223602,22101.00000,3,23570,B
RIH1,F,20110111100009017,255223603,179005.00000,5,292322,S
SiH1,F,20110111100009063,255223604,30786.00000,10,677874,B
SRH1,F,20110111100009190,255223605,10655.00000,3,648864,B
SiH1,F,20110111100009330,255223606,30764.00000,2,677874,S
RIH1,F,20110111100009360,255223607,178995.00000,2,292326,B
GZH1,F,20110111100009457,255223608,19598.00000,2,352374,B
GZH1,F,20110111100009457,255223609,19598.00000,5,352374,B
GZH1,F,20110111100009457,255223610,19600.00000,5,352374,B
RIH1,F,20110111100009627,255223611,178910.00000,2,292330,S
RIH1,F,20110111100009627,255223612,178910.00000,3,292330,S
LKH1,F,20110111100009877,255223613,17613.00000,4,79562,B
LKH1,F,20110111100009877,255223614,17630.00000,4,79562,B
LKH1,F,20110111100009877,255223615,17630.00000,2,79562,B
LKH1,F,20110111100009877,255223616,17631.00000,10,79562,B
RIH1,F,20110111100009923,255223617,178915.00000,2,292330,S
RIH1,F,20110111100009923,255223618,178910.00000,1,292330,S
SRH1,F,20110111100010017,255223619,10654.00000,1,648864,B
SRH1,F,20110111100010017,255223620,10655.00000,18,648864,B
RIH1,F,20110111100010033,255223621,178910.00000,2,292328,S
RIH1,F,20110111100010127,255223624,178990.00000,10,292348,B
CHH1,F,20110111100010173,255223625,51868.00000,2,1820,B
RIH1,F,20110111100010190,255223626,178910.00000,2,292348,S
EDH1,F,20110111100010297,255223627,1.29590,1,142478,S
EDH1,F,20110111100010297,255223628,1.29590,1,142478,S
EDH1,F,20110111100010297,255223629,1.29590,1,142478,S
EDH1,F,20110111100010297,255223630,1.29590,1,142478,S
EDH1,F,20110111100010297,255223631,1.29590,1,142478,S
EDH1,F,20110111100010297,255223632,1.29590,1,142478,S
EDH1,F,20110111100010297,255223633,1.29590,1,142478,S
EDH1,F,20110111100010297,255223634,1.29590,1,142478,S
EDH1,F,20110111100010297,255223635,1.29590,1,142478,S
EDH1,F,20110111100010297,255223636,1.29590,1,142478,S
EDH1,F,20110111100010297,255223637,1.29590,1,142478,S
EDH1,F,20110111100010297,255223638,1.29560,15,142478,S
EDH1,F,20110111100010297,255223639,1.29560,1,142478,S
EDH1,F,20110111100010297,255223640,1.29560,1,142478,S
EDH1,F,20110111100010297,255223641,1.29560,1,142478,S
EDH1,F,20110111100010297,255223642,1.29560,1,142478,S
EDH1,F,20110111100010297,255223643,1.29560,1,142478,S
EDH1,F,20110111100010297,255223644,1.29560,1,142478,S
EDH1,F,20110111100010297,255223645,1.29560,1,142478,S
EDH1,F,20110111100010297,255223646,1.29560,1,142478,S
EDH1,F,20110111100010297,255223647,1.29560,1,142478,S
EDH1,F,20110111100010297,255223648,1.29560,1,142478,S
EDH1,F,20110111100010297,255223649,1.29560,1,142478,S
EDH1,F,20110111100010297,255223650,1.29560,1,142478,S
EDH1,F,20110111100010297,255223651,1.29560,2,142478,S
EDH1,F,20110111100010297,255223652,1.29560,1,142478,S
EDH1,F,20110111100010297,255223653,1.29560,5,142478,S
EDH1,F,20110111100010297,255223654,1.29560,2,142478,S
EDH1,F,20110111100010297,255223655,1.29560,2,142478,S
EDH1,F,20110111100010297,255223656,1.29560,1,142478,S
EDH1,F,20110111100010297,255223657,1.29560,1,142478,S
EDH1,F,20110111100010297,255223658,1.29560,1,142478,S
EDH1,F,20110111100010297,255223659,1.29560,1,142478,S
EDH1,F,20110111100010297,255223660,1.29560,1,142478,S
EDH1,F,20110111100010297,255223661,1.29560,1,142478,S
EDH1,F,20110111100010297,255223662,1.29560,1,142478,S
EDH1,F,20110111100010297,255223663,1.29560,1,142478,S
EDH1,F,20110111100010297,255223664,1.29560,1,142478,S
EDH1,F,20110111100010297,255223665,1.29560,1,142478,S
EDH1,F,20110111100010297,255223666,1.29560,1,142478,S
EDH1,F,20110111100010297,255223667,1.29560,1,142478,S
EDH1,F,20110111100010297,255223668,1.29560,1,142478,S
EDH1,F,20110111100010297,255223669,1.29560,2,142478,S
EDH1,F,20110111100010297,255223670,1.29560,2,142478,S
EDH1,F,20110111100010297,255223671,1.29560,1,142478,S
EDH1,F,20110111100010297,255223672,1.29560,1,142478,S
EDH1,F,20110111100010297,255223673,1.29560,1,142478,S
EDH1,F,20110111100010297,255223674,1.29560,1,142478,S
EDH1,F,20110111100010297,255223675,1.29560,1,142478,S
EDH1,F,20110111100010297,255223676,1.29560,1,142478,S
EDH1,F,20110111100010297,255223677,1.29560,1,142478,S
EDH1,F,20110111100010297,255223678,1.29560,1,142478,S
EDH1,F,20110111100010297,255223679,1.29560,1,142478,S
EDH1,F,20110111100010297,255223680,1.29560,1,142478,S
EDH1,F,20110111100010297,255223681,1.29560,1,142478,S
EDH1,F,20110111100010297,255223682,1.29560,1,142478,S
EDH1,F,20110111100010297,255223683,1.29560,1,142478,S
EDH1,F,20110111100010297,255223684,1.29560,1,142478,S
EDH1,F,20110111100010297,255223685,1.29560,1,142478,S
EDH1,F,20110111100010297,255223686,1.29560,1,142478,S
EDH1,F,20110111100010297,255223687,1.29560,1,142478,S
EDH1,F,20110111100010297,255223688,1.29560,1,142478,S
EDH1,F,20110111100010297,255223689,1.29560,1,142478,S
EDH1,F,20110111100010297,255223690,1.29560,1,142478,S
EDH1,F,20110111100010297,255223691,1.29560,5,142478,S
EDH1,F,20110111100010297,255223692,1.29550,1,142478,S
EDH1,F,20110111100010297,255223693,1.29500,13,142478,S
EDH1,F,20110111100010297,255223694,1.29500,1,142478,S
EDH1,F,20110111100010297,255223695,1.29460,10,142478,S
EDH1,F,20110111100010297,255223696,1.29450,1,142478,S
EDH1,F,20110111100010297,255223697,1.29450,1,142478,S
EDH1,F,20110111100010297,255223698,1.29450,6,142478,S
RIH1,F,20110111100010297,255223699,178980.00000,1,292350,B
SRH1,F,20110111100010360,255223700,10655.00000,20,648860,B
EuH1,F,20110111100010440,255223701,40063.00000,1,124352,S
EuH1,F,20110111100010440,255223702,40063.00000,1,124352,S
EuH1,F,20110111100010440,255223703,40063.00000,1,124352,S
SRH1,F,20110111100010457,255223704,10655.00000,6,648862,B
SRH1,F,20110111100010457,255223705,10655.00000,1,648862,B
RIH1,F,20110111100010487,255223706,178945.00000,1,292360,S
RIH1,F,20110111100010487,255223707,178920.00000,1,292360,S
RIH1,F,20110111100010487,255223708,178920.00000,4,292360,S
RIH1,F,20110111100010487,255223709,178915.00000,4,292360,S
RIH1,F,20110111100010533,255223710,178925.00000,2,292358,S
RIH1,F,20110111100010547,255223711,178925.00000,3,292352,S
EDH1,F,20110111100010627,255223712,1.29600,3,142484,B
GZH1,F,20110111100010643,255223713,19614.00000,1,352374,B
GZH1,F,20110111100010690,255223714,19607.00000,1,352374,S
SRH1,F,20110111100010707,255223715,10654.00000,9,648844,B
GZH1,F,20110111100010970,255223716,19645.00000,1,352374,B
RIH1,F,20110111100011047,255223718,178920.00000,4,292384,S
RIH1,F,20110111100011047,255223719,178915.00000,2,292384,S
RIH1,F,20110111100011047,255223720,178915.00000,7,292384,S
RIH1,F,20110111100011047,255223721,178905.00000,4,292384,S
RIH1,F,20110111100011047,255223722,178900.00000,1,292384,S
RIH1,F,20110111100011047,255223723,178820.00000,5,292384,S
RIH1,F,20110111100011047,255223724,178815.00000,32,292384,S
SRH1,F,20110111100011097,255223726,10650.00000,4,648844,S
RNH1,F,20110111100011207,255223727,22101.00000,1,23570,B
SRH1,F,20110111100011207,255223728,10650.00000,1,648844,S
GZH1,F,20110111100011423,255223729,19610.00000,5,352366,S
RIH1,F,20110111100011487,255223730,178945.00000,2,292384,B
RNH1,F,20110111100011503,255223731,22102.00000,2,23570,B
RIH1,F,20110111100011503,255223732,178820.00000,2,292382,S
LKH1,F,20110111100011707,255223733,17630.00000,3,79562,B
SRH1,F,20110111100011847,255223734,10656.00000,2,648848,B
SRH1,F,20110111100011847,255223735,10656.00000,3,648854,B
GZH1,F,20110111100011923,255223736,19620.00000,1,352364,S
SRH1,F,20110111100011940,255223737,10659.00000,6,648842,S
RIH1,F,20110111100012003,255223738,178825.00000,1,292382,S
SRH1,F,20110111100012313,255223739,10663.00000,2,648842,B
GZH1,F,20110111100012407,255223740,19625.00000,1,352362,S
GZH1,F,20110111100012407,255223741,19622.00000,4,352362,S
GZH1,F,20110111100012503,255223742,19646.00000,1,352360,B
SRH1,F,20110111100012517,255223743,10661.00000,4,648850,S
LKH1,F,20110111100012547,255223744,17630.00000,2,79592,B
LKH1,F,20110111100012547,255223745,17630.00000,2,79592,B
LKH1,F,20110111100012547,255223746,17631.00000,10,79592,B
LKH1,F,20110111100012547,255223747,17645.00000,5,79592,B
LKH1,F,20110111100012547,255223748,17648.00000,1,79592,B
SRH1,F,20110111100012563,255223749,10659.00000,1,648850,S
RIH1,F,20110111100012580,255223750,178860.00000,1,292382,B
RIH1,F,20110111100012580,255223751,178875.00000,1,292382,B
SRH1,F,20110111100012627,255223752,10663.00000,2,648854,B
GZH1,F,20110111100012657,255223753,19647.00000,1,352360,B
RIH1,F,20110111100012673,255223754,178870.00000,1,292382,B
RIH1,F,20110111100012690,255223755,178870.00000,2,292382,B
SiH1,F,20110111100012707,255223756,30784.00000,4,677874,S
SiH1,F,20110111100012707,255223757,30784.00000,5,677874,S
LKH1,F,20110111100012813,255223758,17606.00000,1,79590,S
RIH1,F,20110111100012877,255223759,178865.00000,1,292382,B
GZH1,F,20110111100013003,255223761,19652.00000,1,352358,B
GZH1,F,20110111100013003,255223762,19652.00000,1,352358,B
SiH1,F,20110111100013033,255223763,30787.00000,5,677874,S
SiH1,F,20110111100013033,255223764,30783.00000,2,677874,S
RIH1,F,20110111100013207,255223765,178855.00000,1,292386,B
RIH1,F,20110111100013207,255223766,178855.00000,1,292386,B
RIH1,F,20110111100013207,255223767,178855.00000,4,292386,B
RIH1,F,20110111100013207,255223768,178855.00000,3,292386,B
RIH1,F,20110111100013207,255223769,178855.00000,1,292386,B
EDH1,F,20110111100013267,255223770,1.29540,2,142484,B
SiH1,F,20110111100013313,255223771,30783.00000,2,677884,S
SiH1,F,20110111100013313,255223772,30783.00000,3,677884,S
LKH1,F,20110111100013533,255223773,17647.00000,1,79596,B
LKH1,F,20110111100013533,255223774,17648.00000,2,79596,B
SiH1,F,20110111100013813,255223775,30781.00000,12,677884,S
RIH1,F,20110111100013907,255223776,178855.00000,1,292390,B
RIH1,F,20110111100013907,255223777,178855.00000,1,292390,B
SRH1,F,20110111100013940,255223778,10661.00000,15,648854,S
RIH1,F,20110111100014033,255223780,178850.00000,1,292392,S
RIH1,F,20110111100014033,255223781,178850.00000,2,292392,S
RIH1,F,20110111100014033,255223782,178850.00000,2,292392,S
RIH1,F,20110111100014097,255223783,178880.00000,1,292394,B
SRH1,F,20110111100014237,255223784,10661.00000,1,648852,S
RIH1,F,20110111100014313,255223785,178880.00000,2,292398,B
RIH1,F,20110111100014643,255223786,178850.00000,1,292398,B
SRH1,F,20110111100014813,255223787,10666.00000,15,648822,B
SRH1,F,20110111100015127,255223788,10662.00000,1,648824,S
RNH1,F,20110111100015313,255223789,22102.00000,5,23570,B
RIH1,F,20110111100015330,255223790,178845.00000,1,292396,S
SRH1,F,20110111100015547,255223791,10664.00000,1,648822,S
LKH1,F,20110111100015610,255223792,17648.00000,17,79630,B
LKH1,F,20110111100015813,255223793,17666.00000,5,79640,B
SRH1,F,20110111100016047,255223796,10664.00000,3,648816,S
LKH1,F,20110111100016097,255223797,17666.00000,5,79640,B
GZH1,F,20110111100016313,255223798,19638.00000,5,352348,B
GDH1,F,20110111100016457,255223799,1380.00000,5,54298,S
RIH1,F,20110111100016517,255223800,178850.00000,1,292392,B
RIH1,F,20110111100016517,255223801,178850.00000,2,292392,B
RIH1,F,20110111100016517,255223802,178855.00000,1,292392,B
RIH1,F,20110111100016517,255223803,178855.00000,1,292392,B
SRH1,F,20110111100016580,255223804,10664.00000,5,648816,S
SiH1,F,20110111100016813,255223805,30773.00000,1,677884,S
RIH1,F,20110111100016893,255223806,178855.00000,1,292392,S
SRH1,F,20110111100016987,255223807,10664.00000,8,648984,S
SRH1,F,20110111100016987,255223808,10661.00000,4,648984,S
SRH1,F,20110111100016987,255223809,10659.00000,4,648984,S
SRH1,F,20110111100016987,255223810,10658.00000,4,648984,S
SRH1,F,20110111100016987,255223811,10655.00000,19,648984,S
SRH1,F,20110111100016987,255223812,10655.00000,9,648984,S
SRH1,F,20110111100016987,255223813,10651.00000,52,648984,S
SRH1,F,20110111100016987,255223814,10651.00000,2,648984,S
SRH1,F,20110111100016987,255223815,10651.00000,15,648984,S
RIH1,F,20110111100017080,255223816,178875.00000,1,292390,B
SiH1,F,20110111100017110,255223817,30758.00000,14,677888,S
SRH1,F,20110111100017283,255223818,10651.00000,1,648984,B
RIH1,F,20110111100017470,255223819,178855.00000,2,292390,S
RIH1,F,20110111100017580,255223820,178875.00000,1,292390,B
LKH1,F,20110111100017737,255223821,17654.00000,5,79696,S
LKH1,F,20110111100017737,255223822,17654.00000,2,79696,S
LKH1,F,20110111100017737,255223823,17651.00000,30,79696,S
LKH1,F,20110111100017737,255223824,17650.00000,13,79696,S
RIH1,F,20110111100017957,255223825,178870.00000,1,292392,B
RIH1,F,20110111100017957,255223826,178875.00000,4,292392,B
RIH1,F,20110111100017987,255223827,178875.00000,5,292392,B
LKH1,F,20110111100017987,255223828,17666.00000,1,79698,B
RIH1,F,20110111100018017,255223829,178855.00000,2,292392,S
SRH1,F,20110111100018253,255223832,10651.00000,18,649020,B
SRH1,F,20110111100018813,255223834,10651.00000,6,649020,B
RIH1,F,20110111100018957,255223835,178875.00000,4,292392,B
RIH1,F,20110111100019157,255223836,178875.00000,3,292398,B
RIH1,F,20110111100019173,255223837,178850.00000,1,292398,S
RIH1,F,20110111100019173,255223838,178850.00000,2,292398,S
SRH1,F,20110111100019220,255223839,10651.00000,20,649060,B
RIH1,F,20110111100019283,255223840,178870.00000,1,292400,B
RNH1,F,20110111100019313,255223841,22090.00000,1,23566,B
RNH1,F,20110111100019313,255223842,22090.00000,1,23566,B
SRH1,F,20110111100019360,255223843,10651.00000,1,649062,B
SRH1,F,20110111100019407,255223844,10651.00000,1,649064,B
SRH1,F,20110111100019423,255223845,10650.00000,20,649024,S
SRH1,F,20110111100019440,255223846,10650.00000,10,649004,S
SiH1,F,20110111100019517,255223847,30767.00000,1,677890,B
GZH1,F,20110111100019627,255223848,19646.00000,1,352348,B
SRH1,F,20110111100019643,255223849,10650.00000,24,648956,S
SiH1,F,20110111100019737,255223850,30767.00000,1,677892,B
SRH1,F,20110111100019753,255223851,10650.00000,5,648946,S
RIH1,F,20110111100019767,255223852,178850.00000,1,292400,S
SRH1,F,20110111100019797,255223853,10650.00000,2,648942,S
LKH1,F,20110111100019813,255223854,17665.00000,2,79694,B
SRH1,F,20110111100019970,255223855,10650.00000,3,648942,S
SRH1,F,20110111100020423,255223856,10650.00000,1,648940,S
RIH1,F,20110111100020440,255223857,178850.00000,1,292400,S
RIH1,F,20110111100020440,255223858,178845.00000,1,292400,S
RIH1,F,20110111100020440,255223859,178845.00000,1,292400,S
RIH1,F,20110111100020440,255223860,178845.00000,2,292400,S
RIH1,F,20110111100020440,255223861,178840.00000,5,292400,S
GZH1,F,20110111100020610,255223862,19650.00000,2,352344,B
SRH1,F,20110111100020737,255223863,10650.00000,1,648940,S
SiH1,F,20110111100020813,255223864,30758.00000,6,677904,S
GZH1,F,20110111100020907,255223865,19624.00000,1,352346,S
RIH1,F,20110111100021157,255223866,178845.00000,1,292398,B
RIH1,F,20110111100021207,255223867,178845.00000,1,292392,B
RIH1,F,20110111100021207,255223868,178870.00000,2,292392,B
RIH1,F,20110111100021207,255223869,178875.00000,1,292392,B
RIH1,F,20110111100021207,255223870,178875.00000,4,292392,B
RIH1,F,20110111100021207,255223871,178875.00000,7,292392,B
SRH1,F,20110111100021220,255223872,10650.00000,55,649122,S
SRH1,F,20110111100021220,255223873,10650.00000,1,649122,S
SRH1,F,20110111100021220,255223874,10650.00000,10,649122,S
SRH1,F,20110111100021220,255223875,10650.00000,10,649122,S
SRH1,F,20110111100021220,255223876,10641.00000,10,649122,S
SRH1,F,20110111100021220,255223877,10641.00000,30,649122,S
SRH1,F,20110111100021220,255223878,10640.00000,30,649122,S
GZH1,F,20110111100021393,255223879,19624.00000,2,352470,S
GZH1,F,20110111100021393,255223880,19624.00000,1,352470,S
GZH1,F,20110111100021393,255223881,19623.00000,30,352470,S
GZH1,F,20110111100021393,255223882,19622.00000,10,352470,S
GZH1,F,20110111100021393,255223883,19619.00000,6,352470,S
GZH1,F,20110111100021393,255223884,19615.00000,4,352470,S
GZH1,F,20110111100021393,255223885,19607.00000,6,352470,S
GZH1,F,20110111100021393,255223886,19601.00000,20,352470,S
GZH1,F,20110111100021393,255223887,19600.00000,5,352470,S
RIH1,F,20110111100021407,255223888,178865.00000,1,292394,S
RIH1,F,20110111100021533,255223889,178875.00000,1,292396,B
RIH1,F,20110111100021767,255223890,178865.00000,1,292442,S
RIH1,F,20110111100021767,255223891,178860.00000,18,292442,S
RIH1,F,20110111100021767,255223892,178855.00000,1,292442,S
RIH1,F,20110111100021767,255223893,178855.00000,8,292442,S
RIH1,F,20110111100021767,255223894,178850.00000,1,292442,S
RIH1,F,20110111100021767,255223895,178850.00000,3,292442,S
RIH1,F,20110111100021767,255223896,178850.00000,1,292442,S
RIH1,F,20110111100021767,255223897,178845.00000,1,292442,S
RIH1,F,20110111100021767,255223898,178845.00000,2,292442,S
RIH1,F,20110111100021767,255223899,178845.00000,2,292442,S
RIH1,F,20110111100021767,255223900,178840.00000,2,292442,S
GZH1,F,20110111100022110,255223902,19600.00000,10,352490,S
SiH1,F,20110111100022157,255223903,30758.00000,2,677904,S
SRH1,F,20110111100022190,255223904,10645.00000,3,649116,B
RIH1,F,20110111100022407,255223905,178865.00000,10,292462,B
BRF1,F,20110111100022470,255223906,95.30000,2,60404,S
RIH1,F,20110111100022487,255223907,178805.00000,1,292462,S
RIH1,F,20110111100022627,255223908,178850.00000,1,292464,B
RIH1,F,20110111100022657,255223909,178850.00000,2,292474,B
RIH1,F,20110111100022657,255223910,178850.00000,2,292474,B
RIH1,F,20110111100022657,255223911,178860.00000,1,292474,B
RNH1,F,20110111100022690,255223912,22090.00000,1,23564,B
SiH1,F,20110111100022753,255223914,30758.00000,2,677904,S
SRH1,F,20110111100023003,255223915,10640.00000,12,649116,S
LKH1,F,20110111100023157,255223916,17665.00000,28,79668,B
LKH1,F,20110111100023157,255223917,17666.00000,9,79668,B
LKH1,F,20110111100023157,255223918,17682.00000,5,79668,B
LKH1,F,20110111100023157,255223919,17683.00000,8,79668,B
GZH1,F,20110111100023220,255223920,19624.00000,1,352492,S
SRH1,F,20110111100023237,255223921,10640.00000,2,649116,S
RIH1,F,20110111100023470,255223922,178850.00000,1,292476,B
LKH1,F,20110111100023487,255223923,17683.00000,1,79668,B
RIH1,F,20110111100023503,255223924,178850.00000,3,292476,B
GZH1,F,20110111100023690,255223926,19641.00000,1,352490,B
LKH1,F,20110111100023877,255223928,17664.00000,2,79672,B
SRH1,F,20110111100023877,255223929,10640.00000,6,649116,S
RIH1,F,20110111100024033,255223930,178815.00000,2,292472,S
SiH1,F,20110111100024190,255223931,30758.00000,2,677908,S
RIH1,F,20110111100024220,255223932,178850.00000,3,292472,B
RIH1,F,20110111100024470,255223933,178850.00000,1,292474,B
SiH1,F,20110111100024487,255223934,30753.00000,1,677908,S
RIH1,F,20110111100024533,255223935,178850.00000,1,292476,B
BRF1,F,20110111100024610,255223936,95.30000,6,60404,S
GDH1,F,20110111100024907,255223937,1380.00000,7,54298,S
SiH1,F,20110111100025110,255223938,30759.00000,6,677896,B
RIH1,F,20110111100025407,255223939,178830.00000,3,292476,S
BRF1,F,20110111100025707,255223940,95.21000,6,60392,S
GDH1,F,20110111100025707,255223941,1386.00000,1,54300,B
EuH1,F,20110111100025767,255223942,40139.00000,1,124354,B
SRH1,F,20110111100025830,255223943,10623.00000,20,649160,B
SRH1,F,20110111100025830,255223944,10624.00000,4,649160,B
SRH1,F,20110111100025830,255223945,10625.00000,30,649160,B
SRH1,F,20110111100025830,255223946,10625.00000,10,649160,B
SRH1,F,20110111100025830,255223947,10626.00000,10,649160,B
SRH1,F,20110111100025830,255223948,10632.00000,1,649160,B
SiH1,F,20110111100025830,255223949,30753.00000,2,677972,S
SiH1,F,20110111100025830,255223950,30753.00000,10,677972,S
SiH1,F,20110111100025830,255223951,30729.00000,4,677972,S
SiH1,F,20110111100025830,255223952,30725.00000,7,677972,S
SiH1,F,20110111100025830,255223953,30701.00000,52,677972,S
GZH1,F,20110111100025830,255223954,19635.00000,2,352532,B
GZH1,F,20110111100025830,255223955,19638.00000,7,352532,B
GZH1,F,20110111100025830,255223956,19639.00000,7,352532,B
GZH1,F,20110111100025830,255223957,19639.00000,2,352532,B
GZH1,F,20110111100025830,255223958,19640.00000,13,352532,B
GZH1,F,20110111100025830,255223959,19650.00000,10,352532,B
GZH1,F,20110111100025830,255223960,19652.00000,1,352532,B
GZH1,F,20110111100025830,255223961,19652.00000,1,352532,B
GZH1,F,20110111100025830,255223962,19652.00000,2,352532,B
GZH1,F,20110111100025830,255223963,19653.00000,5,352532,B
RIH1,F,20110111100025847,255223964,178825.00000,5,292508,S
RIH1,F,20110111100025847,255223965,178810.00000,3,292508,S
RIH1,F,20110111100025847,255223966,178805.00000,1,292508,S
RIH1,F,20110111100025847,255223967,178800.00000,2,292508,S
RIH1,F,20110111100025847,255223968,178800.00000,10,292508,S
RIH1,F,20110111100025847,255223969,178800.00000,3,292508,S
RIH1,F,20110111100025847,255223970,178800.00000,1,292508,S
LKH1,F,20110111100025907,255223971,17683.00000,11,79694,B
LKH1,F,20110111100025907,255223972,17687.00000,14,79694,B
EDH1,F,20110111100025957,255223973,1.29500,1,142484,B
SiH1,F,20110111100025970,255223974,30758.00000,1,677972,B
SiH1,F,20110111100025970,255223975,30759.00000,1,677972,B
RIH1,F,20110111100025987,255223976,178825.00000,1,292532,B
RIH1,F,20110111100025987,255223977,178840.00000,12,292532,B
SRH1,F,20110111100026017,255223978,10618.00000,3,649162,B
SRH1,F,20110111100026063,255223979,10618.00000,1,649134,S
SRH1,F,20110111100026063,255223980,10617.00000,12,649134,S
SRH1,F,20110111100026063,255223981,10610.00000,2,649134,S
RIH1,F,20110111100026097,255223982,178840.00000,2,292536,S
RIH1,F,20110111100026097,255223983,178840.00000,3,292540,S
SRH1,F,20110111100026190,255223985,10607.00000,5,649124,B
BRF1,F,20110111100026313,255223986,95.21000,4,60384,S
SRH1,F,20110111100026407,255223987,10623.00000,10,649032,S
SRH1,F,20110111100026407,255223988,10623.00000,10,649032,S
SRH1,F,20110111100026407,255223989,10618.00000,10,649032,S
SRH1,F,20110111100026407,255223990,10606.00000,14,649032,S
SRH1,F,20110111100026407,255223991,10605.00000,2,649032,S
SRH1,F,20110111100026407,255223992,10603.00000,1,649032,S
SRH1,F,20110111100026407,255223993,10602.00000,16,649032,S
SRH1,F,20110111100026407,255223994,10602.00000,5,649032,S
SRH1,F,20110111100026407,255223995,10601.00000,2,649032,S
RIH1,F,20110111100026470,255223997,178840.00000,2,292544,S
SRH1,F,20110111100026487,255223998,10632.00000,4,649032,B
SVH1,F,20110111100026533,255224000,29.20000,1,8736,S
RNH1,F,20110111100026690,255224001,22090.00000,1,23562,B
RIH1,F,20110111100026720,255224002,178840.00000,1,292546,B
EDH1,F,20110111100026767,255224003,1.29500,1,142464,B
EDH1,F,20110111100026767,255224004,1.29500,9,142464,B
SRH1,F,20110111100026877,255224005,10607.00000,5,649034,S
RNH1,F,20110111100026987,255224006,22102.00000,2,23562,B
LKH1,F,20110111100027487,255224007,17687.00000,3,79688,B
BRF1,F,20110111100027547,255224008,95.20000,1,60386,S
SVH1,F,20110111100027547,255224009,29.25000,1,8736,B
SRH1,F,20110111100027563,255224010,10606.00000,1,649034,B
SRH1,F,20110111100027907,255224011,10603.00000,1,649046,B
SRH1,F,20110111100027907,255224012,10605.00000,4,649046,B
SRH1,F,20110111100027907,255224013,10606.00000,14,649046,B
SRH1,F,20110111100027970,255224014,10622.00000,10,649046,B
SRH1,F,20110111100027970,255224015,10623.00000,2,649046,B
GZH1,F,20110111100027987,255224016,19650.00000,1,352530,B
GZH1,F,20110111100027987,255224017,19654.00000,1,352530,B
SVH1,F,20110111100028080,255224018,29.22000,1,8736,S
SiH1,F,20110111100028190,255224019,30711.00000,9,677990,S
EDH1,F,20110111100028190,255224020,1.29500,1,142464,B
RIH1,F,20110111100028283,255224021,178835.00000,1,292556,B
RIH1,F,20110111100028283,255224022,178835.00000,2,292556,B
RIH1,F,20110111100028283,255224023,178840.00000,1,292556,B
RIH1,F,20110111100028283,255224024,178840.00000,1,292556,B
RIH1,F,20110111100028330,255224025,178840.00000,3,292562,S
RIH1,F,20110111100028407,255224026,178845.00000,2,292562,B
GZH1,F,20110111100028487,255224027,19655.00000,1,352528,B
GMH1,F,20110111100028563,255224028,71500.00000,1,15734,S
GMH1,F,20110111100028563,255224029,71500.00000,1,15734,S
GMH1,F,20110111100028563,255224030,71500.00000,1,15734,S
GMH1,F,20110111100028563,255224031,71500.00000,3,15734,S
RIH1,F,20110111100028597,255224032,178840.00000,1,292564,S
RIH1,F,20110111100028610,255224033,178845.00000,3,292564,B
SRH1,F,20110111100028610,255224034,10608.00000,2,649046,S
SRH1,F,20110111100028610,255224035,10607.00000,3,649046,S
RIH1,F,20110111100028627,255224036,178840.00000,1,292568,S
RIH1,F,20110111100028627,255224037,178825.00000,1,292568,S
RIH1,F,20110111100028643,255224038,178845.00000,3,292568,B
SiU5,F,20110111100028673,255224039,38000.00000,5,120166,B
EDH1,F,20110111100028737,255224040,1.29500,3,142458,S
EuH1,F,20110111100028797,255224041,39899.00000,2,124358,B
EuH1,F,20110111100028830,255224042,39896.00000,10,124378,B
SVH1,F,20110111100028847,255224043,29.25000,1,8738,B
EDH1,F,20110111100028877,255224049,1.29540,2,142462,B
SiH1,F,20110111100028893,255224050,30736.00000,2,677990,B
GMH1,F,20110111100029253,255224052,71227.00000,6,15732,S
GMH1,F,20110111100029253,255224053,71226.00000,4,15732,S
GMH1,F,20110111100029253,255224054,71226.00000,1,15732,S
GMH1,F,20110111100029253,255224055,71225.00000,39,15732,S
RIH1,F,20110111100029297,255224056,178850.00000,2,292568,B
EuH1,F,20110111100029423,255224057,39892.00000,10,124398,B
SRH1,F,20110111100029487,255224058,10618.00000,1,649046,B
BRF1,F,20110111100029487,255224059,95.03000,8,60382,S
EuH1,F,20110111100029487,255224060,39896.00000,1,124396,S
EuH1,F,20110111100029487,255224061,39896.00000,1,124392,S
EuH1,F,20110111100029487,255224062,39896.00000,1,124392,S
RIH1,F,20110111100029503,255224063,178820.00000,1,292568,S
RIH1,F,20110111100029503,255224064,178820.00000,4,292568,S
SRH1,F,20110111100029517,255224065,10618.00000,1,649046,B
SRH1,F,20110111100029517,255224066,10618.00000,1,649046,B
EuH1,F,20110111100029517,255224067,39896.00000,1,124392,S
GZH1,F,20110111100029547,255224068,19629.00000,1,352526,S
GZH1,F,20110111100029547,255224069,19628.00000,2,352526,S
GZH1,F,20110111100029547,255224070,19628.00000,2,352526,S
GZH1,F,20110111100029547,255224071,19628.00000,5,352526,S
SiH1,F,20110111100029610,255224073,30733.00000,1,677990,B
EDH1,F,20110111100029643,255224074,1.29540,6,142474,B
EDH1,F,20110111100029643,255224075,1.29540,5,142474,B
SiH1,F,20110111100029657,255224076,30733.00000,6,678002,B
SiH1,F,20110111100029657,255224077,30733.00000,4,678002,B
SiH1,F,20110111100029657,255224078,30753.00000,4,678002,B
EuH1,F,20110111100029753,255224079,39851.00000,5,124392,S
EuH1,F,20110111100029753,255224080,39810.00000,2,124392,S
EuH1,F,20110111100029753,255224081,39809.00000,8,124392,S
SRH1,F,20110111100029847,255224082,10628.00000,1,649046,B
BRF1,F,20110111100029860,255224083,95.03000,3,60382,S
BRF1,F,20110111100029860,255224084,95.02000,3,60382,S
RIH1,F,20110111100029923,255224085,178825.00000,2,292558,S
RIH1,F,20110111100029923,255224086,178825.00000,2,292558,S
RIH1,F,20110111100029923,255224087,178825.00000,1,292558,S
RIH1,F,20110111100030017,255224088,178845.00000,4,292566,B
RIH1,F,20110111100030017,255224089,178850.00000,1,292566,B
EuH1,F,20110111100030173,255224090,39923.00000,1,124394,B
EDH1,F,20110111100030237,255224091,1.29540,1,142474,B
SiH1,F,20110111100030253,255224092,30740.00000,2,678002,B
RIH1,F,20110111100030377,255224093,178850.00000,1,292566,B
RIH1,F,20110111100030457,255224094,178850.00000,7,292622,B
RIH1,F,20110111100030457,255224095,178850.00000,2,292622,B
RIH1,F,20110111100030457,255224096,178850.00000,8,292622,B
RIH1,F,20110111100030457,255224097,178855.00000,13,292622,B
RIH1,F,20110111100030457,255224098,178855.00000,3,292622,B
SRH1,F,20110111100030597,255224100,10625.00000,15,649016,B
RIH1,F,20110111100030657,255224101,178870.00000,1,292630,B
RIH1,F,20110111100030657,255224102,178870.00000,3,292630,B
RIH1,F,20110111100030767,255224103,178870.00000,1,292630,S
RNH1,F,20110111100030797,255224104,22102.00000,1,23562,B
RIH1,F,20110111100030970,255224105,178870.00000,1,292630,S
RIH1,F,20110111100030970,255224106,178870.00000,1,292630,S
RNH1,F,20110111100031097,255224107,22104.00000,4,23554,B
RIH1,F,20110111100031097,255224108,178875.00000,1,292630,B
RIH1,F,20110111100031157,255224109,178870.00000,5,292630,S
SRH1,F,20110111100031253,255224110,10621.00000,20,648984,B
LKH1,F,20110111100031253,255224111,17687.00000,2,79690,B
LKH1,F,20110111100031253,255224112,17687.00000,1,79690,B
LKH1,F,20110111100031253,255224113,17687.00000,2,79690,B
EuH1,F,20110111100031517,255224114,39905.00000,1,124394,B
RIH1,F,20110111100031597,255224115,178875.00000,1,292630,B
LKH1,F,20110111100031597,255224116,17690.00000,4,79682,B
EDH1,F,20110111100031627,255224117,1.29600,1,142476,B
SiH1,F,20110111100031643,255224118,30740.00000,1,678002,B
RIH1,F,20110111100031767,255224119,178870.00000,1,292630,S
GZH1,F,20110111100031797,255224120,19646.00000,5,352516,B
RIH1,F,20110111100031940,255224121,178870.00000,7,292542,S
RIH1,F,20110111100031940,255224122,178870.00000,2,292542,S
RIH1,F,20110111100031940,255224123,178865.00000,1,292542,S
RIH1,F,20110111100031940,255224124,178860.00000,1,292542,S
RIH1,F,20110111100031940,255224125,178860.00000,18,292542,S
RIH1,F,20110111100031940,255224126,178855.00000,2,292542,S
RIH1,F,20110111100031940,255224127,178855.00000,1,292542,S
RIH1,F,20110111100031940,255224128,178855.00000,1,292542,S
RIH1,F,20110111100031940,255224129,178855.00000,19,292542,S
RIH1,F,20110111100031940,255224130,178855.00000,2,292542,S
RIH1,F,20110111100031940,255224131,178850.00000,1,292542,S
RIH1,F,20110111100031940,255224132,178850.00000,10,292542,S
RIH1,F,20110111100031940,255224133,178850.00000,8,292542,S
RIH1,F,20110111100031940,255224134,178850.00000,1,292542,S
RIH1,F,20110111100031940,255224135,178845.00000,2,292542,S
RIH1,F,20110111100031940,255224136,178845.00000,3,292542,S
RIH1,F,20110111100031940,255224137,178840.00000,10,292542,S
RIH1,F,20110111100031940,255224138,178840.00000,3,292542,S
RIH1,F,20110111100031940,255224139,178805.00000,5,292542,S
RIH1,F,20110111100031940,255224140,178805.00000,3,292542,S
RIH1,F,20110111100031940,255224141,178800.00000,1,292542,S
RIH1,F,20110111100031957,255224142,178800.00000,1,292542,B
LKH1,F,20110111100032097,255224144,17693.00000,1,79680,B
RIH1,F,20110111100032110,255224145,178795.00000,1,292542,B
RIH1,F,20110111100032110,255224146,178800.00000,4,292542,B
SiH1,F,20110111100032297,255224147,30733.00000,15,678024,S
RIH1,F,20110111100032407,255224148,178795.00000,2,292538,B
RIH1,F,20110111100032407,255224149,178795.00000,1,292538,B
RIH1,F,20110111100032407,255224150,178795.00000,1,292538,B
RIH1,F,20110111100032407,255224151,178795.00000,1,292538,B
SiH1,F,20110111100032643,255224152,30732.00000,4,678038,S
SiH1,F,20110111100032643,255224153,30732.00000,4,678038,S
SiH1,F,20110111100032643,255224154,30732.00000,1,678038,S
RIH1,F,20110111100032767,255224155,178790.00000,1,292534,B
RIH1,F,20110111100032767,255224156,178795.00000,1,292534,B
RIH1,F,20110111100032767,255224157,178800.00000,2,292534,B
RIH1,F,20110111100032893,255224158,178785.00000,2,292538,S
SRH1,F,20110111100033033,255224159,10617.00000,10,649022,B
SRH1,F,20110111100033033,255224160,10618.00000,10,649022,B
LKH1,F,20110111100033110,255224161,17687.00000,2,79676,B
LKH1,F,20110111100033110,255224162,17687.00000,5,79666,B
RIH1,F,20110111100033220,255224164,178785.00000,1,292558,B
RIH1,F,20110111100033220,255224165,178790.00000,2,292558,B
RIH1,F,20110111100033220,255224166,178795.00000,7,292558,B
RIH1,F,20110111100033253,255224167,178780.00000,3,292550,S
RIH1,F,20110111100033253,255224168,178780.00000,1,292550,S
EDH1,F,20110111100033470,255224169,1.29520,10,142538,S
EDH1,F,20110111100033470,255224170,1.29500,7,142538,S
EDH1,F,20110111100033470,255224171,1.29500,1,142538,S
EDH1,F,20110111100033470,255224172,1.29500,20,142538,S
EDH1,F,20110111100033470,255224173,1.29490,10,142538,S
EDH1,F,20110111100033470,255224174,1.29490,1,142538,S
EDH1,F,20110111100033470,255224175,1.29480,1,142538,S
EDH1,F,20110111100033470,255224176,1.29470,75,142538,S
RIH1,F,20110111100033563,255224177,178760.00000,1,292552,S
RIH1,F,20110111100033563,255224178,178760.00000,1,292552,S
RIH1,F,20110111100033563,255224179,178755.00000,1,292552,S
RIH1,F,20110111100033690,255224180,178755.00000,2,292538,S
RIH1,F,20110111100033690,255224181,178755.00000,2,292538,S
RIH1,F,20110111100033690,255224182,178755.00000,1,292538,S
RIH1,F,20110111100033690,255224183,178755.00000,3,292538,S
RIH1,F,20110111100033690,255224184,178750.00000,1,292538,S
RIH1,F,20110111100033690,255224185,178745.00000,1,292538,S
BRF1,F,20110111100033707,255224186,95.02000,4,60382,S
SRH1,F,20110111100033970,255224187,10618.00000,6,649022,B
GZH1,F,20110111100033970,255224188,19630.00000,1,352504,S
GZH1,F,20110111100033970,255224189,19629.00000,1,352504,S
GZH1,F,20110111100033970,255224190,19629.00000,2,352504,S
GZH1,F,20110111100033970,255224191,19628.00000,6,352504,S
RIH1,F,20110111100033987,255224193,178750.00000,1,292538,S
RIH1,F,20110111100033987,255224194,178745.00000,1,292538,S
SVH1,F,20110111100034003,255224195,29.22000,1,8718,S
SVH1,F,20110111100034003,255224196,29.22000,9,8718,S
RIH1,F,20110111100034033,255224197,178745.00000,1,292536,S
GZH1,F,20110111100034063,255224198,19628.00000,7,352490,S
GZH1,F,20110111100034063,255224199,19624.00000,3,352490,S
EDH1,F,20110111100034097,255224200,1.29500,125,142538,S
GZH1,F,20110111100034157,255224201,19646.00000,6,352504,B
GZH1,F,20110111100034157,255224202,19646.00000,2,352504,B
GZH1,F,20110111100034157,255224203,19646.00000,2,352504,B
RNH1,F,20110111100034173,255224204,22104.00000,1,23552,B
EDH1,F,20110111100034313,255224205,1.29500,125,142538,S
RIH1,F,20110111100034393,255224206,178745.00000,1,292536,S
RIH1,F,20110111100034440,255224207,178745.00000,1,292536,S
RNH1,F,20110111100034470,255224208,22143.00000,1,23550,B
LKH1,F,20110111100034503,255224209,17687.00000,43,79666,B
LKH1,F,20110111100034503,255224210,17693.00000,4,79666,B
LKH1,F,20110111100034503,255224211,17693.00000,15,79666,B
LKH1,F,20110111100034503,255224212,17700.00000,5,79666,B
GMH1,F,20110111100034690,255224213,71500.00000,1,15734,B
RIH1,F,20110111100034707,255224214,178715.00000,1,292534,S
RIH1,F,20110111100034813,255224215,178710.00000,1,292536,S
SRH1,F,20110111100034923,255224216,10613.00000,5,649022,S
LKH1,F,20110111100034970,255224217,17721.00000,1,79664,B
RIH1,F,20110111100035063,255224218,178740.00000,1,292536,B
GZH1,F,20110111100035173,255224219,19646.00000,1,352504,B
GZH1,F,20110111100035173,255224220,19646.00000,1,352504,B
SRH1,F,20110111100035173,255224221,10613.00000,5,649022,S
RIH1,F,20110111100035190,255224222,178735.00000,3,292536,B
RIH1,F,20110111100035237,255224223,178735.00000,3,292542,B
LKH1,F,20110111100035470,255224225,17720.00000,1,79662,B
RIH1,F,20110111100035597,255224226,178730.00000,1,292544,B
SiH1,F,20110111100035643,255224227,30726.00000,15,678088,S
SiH1,F,20110111100035643,255224228,30726.00000,9,678088,S
SiH1,F,20110111100035643,255224229,30725.00000,1,678088,S
RIH1,F,20110111100035643,255224230,178715.00000,1,292544,S
RIH1,F,20110111100035643,255224231,178715.00000,1,292544,S
SiH1,F,20110111100035970,255224232,30725.00000,6,678100,S
RIH1,F,20110111100035970,255224233,178730.00000,5,292554,B
RIH1,F,20110111100035970,255224234,178735.00000,5,292554,B
RIH1,F,20110111100036330,255224235,178715.00000,1,292540,S
RIH1,F,20110111100036330,255224236,178715.00000,1,292540,S
RIH1,F,20110111100036330,255224237,178715.00000,5,292540,S
SRH1,F,20110111100036377,255224238,10608.00000,20,649014,S
LKH1,F,20110111100036720,255224239,17707.00000,7,79648,S
SiH1,F,20110111100036783,255224240,30725.00000,6,678100,S
SiH1,F,20110111100036783,255224241,30712.00000,1,678100,S
LKH1,F,20110111100036860,255224242,17707.00000,1,79646,S
RIH1,F,20110111100036877,255224243,178730.00000,1,292540,S
SRH1,F,20110111100037253,255224244,10613.00000,1,649016,B
BRF1,F,20110111100037267,255224245,95.02000,12,60382,S
EuH1,F,20110111100037313,255224246,39850.00000,10,124414,S
EDH1,F,20110111100037347,255224247,1.29600,10,142558,B
SiH1,F,20110111100037360,255224248,30734.00000,13,678100,B
LKH1,F,20110111100037457,255224250,17708.00000,1,79638,S
LKH1,F,20110111100037457,255224251,17707.00000,4,79638,S
RIH1,F,20110111100037470,255224252,178740.00000,1,292552,B
RIH1,F,20110111100037470,255224253,178745.00000,1,292552,B
RIH1,F,20110111100037470,255224254,178755.00000,1,292552,B
RIH1,F,20110111100037470,255224255,178755.00000,1,292552,B
RIH1,F,20110111100037470,255224256,178755.00000,2,292552,B
LKH1,F,20110111100037470,255224257,17707.00000,5,79632,S
LKH1,F,20110111100037470,255224258,17707.00000,5,79632,S
LKH1,F,20110111100037470,255224259,17707.00000,5,79632,S
RIH1,F,20110111100037563,255224260,178745.00000,1,292552,S
RIH1,F,20110111100037580,255224261,178745.00000,3,292556,S
SRH1,F,20110111100037657,255224262,10613.00000,3,649016,B
RIH1,F,20110111100037707,255224263,178745.00000,1,292558,S
SRH1,F,20110111100038047,255224264,10607.00000,1,649024,S
SRH1,F,20110111100038047,255224265,10606.00000,1,649024,S
SRH1,F,20110111100038047,255224266,10606.00000,4,649024,S
SRH1,F,20110111100038047,255224267,10604.00000,14,649024,S
RIH1,F,20110111100038143,255224268,178725.00000,1,292556,S
RNH1,F,20110111100038157,255224269,22143.00000,1,23548,B
RIH1,F,20110111100038267,255224270,178755.00000,1,292556,B
BRF1,F,20110111100038360,255224271,95.15000,4,60374,B
RIH1,F,20110111100038377,255224272,178730.00000,3,292512,S
RIH1,F,20110111100038377,255224273,178725.00000,1,292512,S
RIH1,F,20110111100038377,255224274,178725.00000,1,292512,S
RIH1,F,20110111100038377,255224275,178725.00000,2,292512,S
RIH1,F,20110111100038377,255224276,178720.00000,3,292512,S
RIH1,F,20110111100038377,255224277,178720.00000,4,292512,S
RIH1,F,20110111100038377,255224278,178720.00000,2,292512,S
RIH1,F,20110111100038377,255224279,178715.00000,1,292512,S
RIH1,F,20110111100038377,255224280,178710.00000,1,292512,S
RIH1,F,20110111100038377,255224281,178685.00000,2,292512,S
RIH1,F,20110111100038377,255224282,178680.00000,3,292512,S
RIH1,F,20110111100038377,255224283,178680.00000,1,292512,S
RIH1,F,20110111100038377,255224284,178675.00000,4,292512,S
RIH1,F,20110111100038377,255224285,178665.00000,1,292512,S
RIH1,F,20110111100038377,255224286,178665.00000,11,292512,S
LKH1,F,20110111100038690,255224287,17720.00000,1,79630,B
RIH1,F,20110111100038767,255224288,178745.00000,1,292512,B
RIH1,F,20110111100038767,255224289,178745.00000,2,292518,B
RIH1,F,20110111100038767,255224290,178745.00000,3,292518,B
SRH1,F,20110111100038907,255224291,10610.00000,1,649026,B
SRH1,F,20110111100038970,255224292,10610.00000,15,649056,B
SRH1,F,20110111100038987,255224294,10610.00000,3,649066,B
SRH1,F,20110111100038987,255224295,10610.00000,4,649066,B
SRH1,F,20110111100038987,255224296,10611.00000,5,649066,B
GZH1,F,20110111100039157,255224297,19647.00000,1,352502,B
EuH1,F,20110111100039207,255224298,39850.00000,20,124414,S
RIH1,F,20110111100039237,255224299,178735.00000,1,292520,S
EDH1,F,20110111100039330,255224300,1.29600,20,142598,B
BRF1,F,20110111100039330,255224301,95.16000,8,60374,S
SiH1,F,20110111100039347,255224302,30729.00000,26,678100,B
RIH1,F,20110111100039393,255224303,178720.00000,1,292520,B
RIH1,F,20110111100039393,255224304,178735.00000,1,292520,B
RIH1,F,20110111100039393,255224305,178745.00000,1,292520,B
SiH1,F,20110111100039643,255224306,30713.00000,26,678226,S
SiH1,F,20110111100039643,255224307,30712.00000,22,678226,S
SiH1,F,20110111100039643,255224308,30711.00000,25,678226,S
EuH1,F,20110111100039783,255224309,39850.00000,10,124414,S
EDH1,F,20110111100039877,255224310,1.29600,9,142616,B
EDH1,F,20110111100039877,255224311,1.29600,1,142616,B
SiH1,F,20110111100039893,255224312,30711.00000,13,678252,B
SiH1,F,20110111100039957,255224313,30690.00000,3,678258,S
GZH1,F,20110111100039970,255224314,19647.00000,1,352500,B
RIH1,F,20110111100040003,255224315,178720.00000,1,292522,B
RIH1,F,20110111100040283,255224316,178725.00000,1,292520,B
SRH1,F,20110111100040283,255224317,10610.00000,4,649066,S
GMH1,F,20110111100040313,255224318,71500.00000,1,15734,S
RIH1,F,20110111100040330,255224319,178740.00000,1,292520,B
SRH1,F,20110111100040330,255224320,10610.00000,1,649066,S
RIH1,F,20110111100040360,255224321,178720.00000,1,292522,S
RIH1,F,20110111100040407,255224322,178720.00000,1,292524,S
SRH1,F,20110111100040487,255224323,10610.00000,11,649058,B
SRH1,F,20110111100040487,255224324,10611.00000,4,649058,B
EuH1,F,20110111100040643,255224325,39850.00000,7,124414,S
RIH1,F,20110111100040753,255224326,178725.00000,3,292518,S
RIH1,F,20110111100040860,255224327,178725.00000,1,292518,S
RIH1,F,20110111100040907,255224328,178735.00000,1,292516,B
RIH1,F,20110111100041127,255224329,178715.00000,1,292518,S
RIH1,F,20110111100041237,255224330,178725.00000,12,292566,S
RIH1,F,20110111100041237,255224331,178720.00000,2,292566,S
RIH1,F,20110111100041237,255224332,178715.00000,2,292566,S
RIH1,F,20110111100041237,255224333,178710.00000,2,292566,S
RIH1,F,20110111100041237,255224334,178705.00000,3,292566,S
RIH1,F,20110111100041237,255224335,178705.00000,1,292566,S
RIH1,F,20110111100041237,255224336,178700.00000,5,292566,S
RNH1,F,20110111100041237,255224337,21956.00000,1,23550,S
EDH1,F,20110111100041253,255224338,1.29600,7,142616,S
EuH1,F,20110111100041330,255224339,39850.00000,20,124414,S
EDH1,F,20110111100041377,255224340,1.29600,20,142616,B
SiH1,F,20110111100041393,255224341,30708.00000,26,678258,B
GZH1,F,20110111100041423,255224342,19625.00000,6,352478,S
GZH1,F,20110111100041423,255224343,19625.00000,7,352478,S
GZH1,F,20110111100041423,255224344,19625.00000,2,352478,S
GZH1,F,20110111100041423,255224345,19625.00000,2,352478,S
GZH1,F,20110111100041423,255224346,19625.00000,1,352478,S
GZH1,F,20110111100041423,255224347,19624.00000,1,352478,S
GZH1,F,20110111100041423,255224348,19624.00000,6,352478,S
GZH1,F,20110111100041423,255224349,19622.00000,1,352478,S
GZH1,F,20110111100041423,255224350,19621.00000,1,352478,S
GZH1,F,20110111100041423,255224351,19621.00000,1,352478,S
GZH1,F,20110111100041423,255224352,19620.00000,1,352478,S
GZH1,F,20110111100041423,255224353,19601.00000,21,352478,S
SiH1,F,20110111100041457,255224354,30708.00000,4,678258,B
SiH1,F,20110111100041457,255224355,30708.00000,3,678258,B
BRF1,F,20110111100041487,255224356,95.16000,5,60364,S
BRF1,F,20110111100041487,255224357,95.16000,1,60364,S
RIH1,F,20110111100041503,255224358,178690.00000,1,292564,S
RIH1,F,20110111100041563,255224359,178700.00000,3,292564,B
EuH1,F,20110111100041580,255224360,39850.00000,9,124414,S
SRH1,F,20110111100041643,255224362,10611.00000,3,649052,B
EDH1,F,20110111100041753,255224363,1.29600,9,142616,B
SiH1,F,20110111100041783,255224364,30705.00000,7,678262,B
SiH1,F,20110111100041783,255224365,30708.00000,4,678262,B
EuH1,F,20110111100041860,255224366,39850.00000,20,124414,S
EDH1,F,20110111100041957,255224367,1.29600,20,142616,B
SiH1,F,20110111100041970,255224368,30710.00000,26,678314,B
RIH1,F,20110111100041970,255224369,178690.00000,1,292562,B
SRH1,F,20110111100042047,255224370,10607.00000,4,649044,S
RNH1,F,20110111100042143,255224371,21956.00000,1,23550,B
SRH1,F,20110111100042173,255224372,10610.00000,7,649156,B
SRH1,F,20110111100042173,255224373,10610.00000,7,649156,B
SRH1,F,20110111100042173,255224374,10611.00000,24,649156,B
SRH1,F,20110111100042173,255224375,10613.00000,22,649156,B
EuH1,F,20110111100042190,255224376,39850.00000,4,124414,S
EDH1,F,20110111100042267,255224377,1.29600,4,142616,B
SiH1,F,20110111100042283,255224378,30710.00000,4,678324,B
SiH1,F,20110111100042283,255224379,30710.00000,1,678324,B
GDH1,F,20110111100042423,255224380,1386.00000,5,54300,B
RIH1,F,20110111100042423,255224381,178685.00000,1,292572,B
RIH1,F,20110111100042423,255224382,178690.00000,19,292572,B
SRH1,F,20110111100042627,255224384,10612.00000,1,649156,B
LKH1,F,20110111100042643,255224385,17725.00000,1,79628,B
RIH1,F,20110111100042893,255224386,178690.00000,1,292574,B
BRF1,F,20110111100042970,255224387,95.02000,12,60364,S
GZH1,F,20110111100043143,255224388,19638.00000,1,352476,B
SiH1,F,20110111100043470,255224389,30710.00000,6,678324,B
EDH1,F,20110111100043470,255224390,1.29530,10,142618,S
EDH1,F,20110111100043470,255224391,1.29520,10,142618,S
EDH1,F,20110111100043470,255224392,1.29520,1,142618,S
EDH1,F,20110111100043470,255224393,1.29510,10,142618,S
EDH1,F,20110111100043470,255224394,1.29500,94,142618,S
SiH1,F,20110111100043643,255224395,30694.00000,3,678324,S
EDH1,F,20110111100043690,255224396,1.29500,125,142618,S
RIH1,F,20110111100043767,255224397,178695.00000,1,292556,B
RIH1,F,20110111100043767,255224398,178695.00000,3,292556,B
RIH1,F,20110111100043767,255224399,178695.00000,1,292556,B
RIH1,F,20110111100043767,255224400,178695.00000,2,292556,B
RIH1,F,20110111100043767,255224401,178700.00000,5,292556,B
RIH1,F,20110111100043767,255224402,178700.00000,4,292556,B
SiH1,F,20110111100043783,255224403,30710.00000,3,678386,B
SiH1,F,20110111100043783,255224404,30710.00000,1,678386,B
SiH1,F,20110111100043783,255224405,30710.00000,2,678386,B
SiH1,F,20110111100043783,255224406,30711.00000,25,678386,B
SVM1,F,20110111100043783,255224407,29.42000,1,242,S
RIH1,F,20110111100043783,255224408,178700.00000,2,292556,B
EDH1,F,20110111100043907,255224409,1.29500,31,142706,S
EDH1,F,20110111100043907,255224410,1.29500,4,142706,S
EDH1,F,20110111100043907,255224411,1.29490,10,142706,S
EDH1,F,20110111100043907,255224412,1.29490,11,142706,S
EDH1,F,20110111100043907,255224413,1.29480,1,142706,S
EDH1,F,20110111100043907,255224414,1.29470,68,142706,S
SRH1,F,20110111100044047,255224415,10612.00000,1,649156,B
SRH1,F,20110111100044047,255224416,10613.00000,2,649156,B
SRH1,F,20110111100044063,255224417,10613.00000,2,649160,B
GZH1,F,20110111100044487,255224418,19623.00000,1,352476,S
EDH1,F,20110111100044533,255224419,1.29560,1,142900,S
EDH1,F,20110111100044533,255224420,1.29530,5,142900,S
EDH1,F,20110111100044533,255224421,1.29520,1,142900,S
EDH1,F,20110111100044533,255224422,1.29510,15,142900,S
EDH1,F,20110111100044533,255224423,1.29470,57,142900,S
EDH1,F,20110111100044533,255224424,1.29470,10,142900,S
EDH1,F,20110111100044533,255224425,1.29460,2,142900,S
EDH1,F,20110111100044533,255224426,1.29460,10,142900,S
EDH1,F,20110111100044533,255224427,1.29450,1,142900,S
EDH1,F,20110111100044533,255224428,1.29450,23,142900,S
RIH1,F,20110111100044563,255224429,178685.00000,1,292556,S
SRH1,F,20110111100044597,255224430,10612.00000,1,649200,B
SRH1,F,20110111100044597,255224431,10613.00000,49,649200,B
SiH1,F,20110111100045207,255224433,30730.00000,20,678386,B
BRF1,F,20110111100045267,255224434,95.02000,6,60364,S
SRH1,F,20110111100045347,255224435,10613.00000,3,649200,B
RIH1,F,20110111100045610,255224436,178695.00000,1,292560,B
RIH1,F,20110111100045610,255224437,178695.00000,1,292560,B
RIH1,F,20110111100045610,255224438,178700.00000,8,292560,B
RNH1,F,20110111100045847,255224439,22143.00000,1,23548,B
GZH1,F,20110111100046127,255224440,19638.00000,1,352478,B
GZH1,F,20110111100046127,255224441,19639.00000,4,352478,B
RIH1,F,20110111100046267,255224442,178700.00000,16,292574,B
RIH1,F,20110111100046267,255224443,178700.00000,2,292574,B
RIH1,F,20110111100046267,255224444,178705.00000,4,292574,B
RIH1,F,20110111100046267,255224445,178705.00000,1,292574,B
RIH1,F,20110111100046330,255224446,178710.00000,2,292586,B
RIH1,F,20110111100046330,255224447,178710.00000,6,292586,B
LKH1,F,20110111100046347,255224448,17739.00000,1,79626,B
GDH1,F,20110111100046393,255224449,1381.00000,30,54240,S
RIH1,F,20110111100046470,255224450,178735.00000,1,292586,B
EDH1,F,20110111100046643,255224451,1.29530,1,142904,S
EDH1,F,20110111100046643,255224452,1.29520,1,142904,S
RIH1,F,20110111100046720,255224453,178740.00000,1,292588,S
RIH1,F,20110111100046753,255224454,178765.00000,1,292586,B
RIH1,F,20110111100046860,255224455,178740.00000,1,292588,S
GZH1,F,20110111100046970,255224456,19624.00000,4,352452,S
GZH1,F,20110111100046970,255224457,19623.00000,13,352452,S
SRH1,F,20110111100047003,255224458,10613.00000,3,649206,B
GZH1,F,20110111100047157,255224460,19620.00000,1,352450,B
GZH1,F,20110111100047207,255224462,19620.00000,2,352446,B
RIH1,F,20110111100047253,255224463,178740.00000,4,292588,S
SiH1,F,20110111100047347,255224464,30726.00000,3,678386,S
GZH1,F,20110111100047360,255224465,19623.00000,6,352438,S
GZH1,F,20110111100047360,255224466,19623.00000,5,352448,S
LKH1,F,20110111100047407,255224467,17712.00000,1,79628,S
RIH1,F,20110111100047423,255224468,178760.00000,2,292584,B
RIH1,F,20110111100047440,255224469,178740.00000,1,292584,S
GDH1,F,20110111100047487,255224470,1386.00000,4,54248,B
GZH1,F,20110111100047533,255224471,19619.00000,1,352450,B
GZH1,F,20110111100047533,255224472,19619.00000,1,352450,B
EDH1,F,20110111100047597,255224473,1.29520,9,142922,S
EDH1,F,20110111100047597,255224474,1.29500,116,142922,S
RIH1,F,20110111100047737,255224475,178740.00000,1,292560,S
RIH1,F,20110111100047737,255224476,178740.00000,15,292560,S
RIH1,F,20110111100047737,255224477,178735.00000,8,292560,S
RIH1,F,20110111100047737,255224478,178730.00000,1,292560,S
BRF1,F,20110111100047737,255224479,95.03000,10,60384,S
RIH1,F,20110111100047877,255224480,178740.00000,1,292552,S
RIH1,F,20110111100047877,255224481,178740.00000,3,292552,S
RIH1,F,20110111100047877,255224482,178730.00000,1,292552,S
RIH1,F,20110111100047877,255224483,178720.00000,3,292552,S
RIH1,F,20110111100047877,255224484,178715.00000,2,292552,S
SiH1,F,20110111100047893,255224485,30726.00000,1,678384,S
RIH1,F,20110111100048267,255224486,178705.00000,3,292552,S
EuH1,F,20110111100048297,255224487,39972.00000,4,124422,B
SiH1,F,20110111100048313,255224488,30726.00000,20,678344,S
EDH1,F,20110111100048347,255224489,1.29570,1,142928,B
EDH1,F,20110111100048347,255224490,1.29710,3,142928,B
SiH1,F,20110111100048360,255224491,30730.00000,6,678344,B
SRH1,F,20110111100048503,255224492,10610.00000,1,649206,S
SiH1,F,20110111100048657,255224493,30726.00000,9,678402,S
SiH1,F,20110111100048657,255224494,30726.00000,4,678402,S
SiH1,F,20110111100048657,255224495,30725.00000,7,678402,S
SiH1,F,20110111100048657,255224496,30725.00000,11,678402,S
SiH1,F,20110111100048657,255224497,30725.00000,4,678402,S
SiH1,F,20110111100048657,255224498,30724.00000,9,678402,S
RIH1,F,20110111100048877,255224499,178695.00000,1,292554,S
SRH1,F,20110111100049047,255224500,10613.00000,9,649206,B
EDH1,F,20110111100049063,255224501,1.29710,2,142932,B
LKH1,F,20110111100049157,255224502,17711.00000,2,79624,S
LKH1,F,20110111100049157,255224503,17702.00000,3,79624,S
LKH1,F,20110111100049157,255224504,17701.00000,4,79624,S
LKH1,F,20110111100049157,255224505,17701.00000,2,79624,S
LKH1,F,20110111100049157,255224506,17700.00000,19,79624,S
SRH1,F,20110111100049253,255224507,10613.00000,1,649210,B
SRH1,F,20110111100049253,255224508,10613.00000,1,649210,B
BRF1,F,20110111100049533,255224509,95.02000,8,60384,S
RNH1,F,20110111100049547,255224510,22143.00000,3,23542,B
EuH1,F,20110111100049580,255224511,39974.00000,4,124430,B
EDH1,F,20110111100049610,255224512,1.29650,4,142932,B
SiH1,F,20110111100049627,255224513,30733.00000,4,678408,B
SiH1,F,20110111100049627,255224514,30738.00000,1,678408,B
RIH1,F,20110111100049877,255224515,178725.00000,3,292560,B
LKH1,F,20110111100050047,255224516,17718.00000,3,79618,B
EuH1,F,20110111100050190,255224517,39851.00000,3,124436,S
EDH1,F,20110111100050297,255224518,1.29520,3,142938,B
SiH1,F,20110111100050313,255224519,30739.00000,3,678408,B
SiH1,F,20110111100050313,255224520,30747.00000,1,678408,B
EuH1,F,20110111100050470,255224521,39954.00000,4,124444,B
RIH1,F,20110111100050517,255224522,178720.00000,10,292540,B
GZH1,F,20110111100050547,255224523,19629.00000,3,352444,B
EDH1,F,20110111100050610,255224524,1.29520,4,142946,B
SiH1,F,20110111100050737,255224525,30740.00000,5,678688,S
SiH1,F,20110111100050737,255224526,30733.00000,27,678688,S
SiH1,F,20110111100050737,255224527,30733.00000,4,678688,S
SiH1,F,20110111100050737,255224528,30732.00000,30,678688,S
SiH1,F,20110111100050737,255224529,30732.00000,1,678688,S
SiH1,F,20110111100050737,255224530,30732.00000,10,678688,S
SiH1,F,20110111100050737,255224531,30726.00000,7,678688,S
SiH1,F,20110111100050737,255224532,30724.00000,66,678688,S
RIH1,F,20110111100050907,255224533,178710.00000,8,292556,B
RIH1,F,20110111100050907,255224534,178715.00000,4,292556,B
RIH1,F,20110111100051080,255224535,178720.00000,1,292554,B
EDH1,F,20110111100051190,255224536,1.29520,10,142946,B
RIH1,F,20110111100051237,255224537,178720.00000,2,292550,B
RIH1,F,20110111100051253,255224538,178720.00000,1,292548,B
RIH1,F,20110111100051297,255224539,178720.00000,1,292546,B
SiH1,F,20110111100051347,255224540,30724.00000,9,678706,S
RIH1,F,20110111100051377,255224542,178720.00000,1,292544,B
BRH1,F,20110111100051393,255224543,95.00000,5,460,S
SRH1,F,20110111100051643,255224544,10620.00000,1,649210,B
RIH1,F,20110111100051923,255224545,178715.00000,1,292548,S
RIH1,F,20110111100051923,255224546,178715.00000,1,292548,S
RIH1,F,20110111100051923,255224547,178710.00000,1,292548,S
RIH1,F,20110111100051987,255224548,178710.00000,2,292548,S
GZH1,F,20110111100052003,255224549,19623.00000,2,352446,S
RIH1,F,20110111100052127,255224550,178715.00000,2,292550,S
RIH1,F,20110111100052127,255224551,178710.00000,2,292550,S
GZH1,F,20110111100052313,255224552,19625.00000,5,352456,B
RIH1,F,20110111100052563,255224553,178730.00000,1,292550,B
RIH1,F,20110111100052830,255224554,178715.00000,2,292544,S
RIH1,F,20110111100052830,255224555,178710.00000,3,292544,S
EDH1,F,20110111100052830,255224556,1.29520,10,142946,B
RIH1,F,20110111100052860,255224557,178710.00000,5,292544,S
EuH1,F,20110111100052893,255224558,39851.00000,2,124448,S
EDH1,F,20110111100052957,255224559,1.29510,10,142946,S
EDH1,F,20110111100052957,255224560,1.29500,115,142946,S
EDH1,F,20110111100053033,255224561,1.29520,2,142950,B
SiH1,F,20110111100053047,255224562,30739.00000,2,678706,B
RIH1,F,20110111100053047,255224563,178730.00000,2,292544,B
RIH1,F,20110111100053157,255224564,178710.00000,5,292534,S
RIH1,F,20110111100053157,255224565,178710.00000,3,292534,S
EDH1,F,20110111100053173,255224566,1.29500,125,142950,S
SRH1,F,20110111100053313,255224567,10620.00000,4,649210,B
RIH1,F,20110111100053377,255224568,178705.00000,1,292536,S
EDH1,F,20110111100053393,255224569,1.29500,125,142950,S
RIH1,F,20110111100053533,255224570,178705.00000,2,292542,S
RIH1,F,20110111100053533,255224571,178705.00000,1,292542,S
RIH1,F,20110111100053737,255224572,178705.00000,2,292544,B
RIH1,F,20110111100053830,255224573,178705.00000,1,292546,B
RIH1,F,20110111100053847,255224574,178705.00000,2,292550,B
SiH1,F,20110111100053877,255224575,30735.00000,50,678738,B
SRH1,F,20110111100053940,255224576,10626.00000,3,649210,B
RIH1,F,20110111100054063,255224577,178700.00000,2,292550,S
RNH1,F,20110111100054143,255224578,22143.00000,4,23534,B
SRH1,F,20110111100054440,255224580,10627.00000,4,649202,B
RNH1,F,20110111100054487,255224581,22148.00000,1,23532,B
RIH1,F,20110111100054533,255224582,178705.00000,1,292550,B
SRH1,F,20110111100054627,255224583,10628.00000,12,649202,B
GZH1,F,20110111100054767,255224584,19624.00000,1,352456,S
LKH1,F,20110111100054940,255224585,17717.00000,5,79608,B
SRH1,F,20110111100054987,255224586,10628.00000,7,649186,B
SRH1,F,20110111100054987,255224587,10628.00000,1,649186,B
GZH1,F,20110111100055143,255224588,19629.00000,1,352456,B
GZH1,F,20110111100055440,255224589,19630.00000,4,352448,B
SRH1,F,20110111100055563,255224590,10625.00000,76,649030,S
SRH1,F,20110111100055563,255224591,10621.00000,4,649030,S
SRH1,F,20110111100055563,255224592,10621.00000,20,649030,S
SiH1,F,20110111100055643,255224594,30733.00000,9,678756,S
RIH1,F,20110111100055690,255224595,178705.00000,1,292550,B
RIH1,F,20110111100055940,255224596,178700.00000,10,292550,S
SiH1,F,20110111100055940,255224597,30727.00000,3,678762,S
GDH1,F,20110111100056047,255224598,1380.00000,10,54268,S
GDH1,F,20110111100056047,255224599,1380.00000,1,54268,S
GDH1,F,20110111100056047,255224600,1380.00000,10,54268,S
GZH1,F,20110111100056127,255224601,19626.00000,1,352448,S
GZH1,F,20110111100056313,255224602,19626.00000,1,352448,B
GDH1,F,20110111100056597,255224603,1381.00000,14,54268,S
RIH1,F,20110111100056627,255224604,178720.00000,3,292550,B
RIH1,F,20110111100056627,255224605,178720.00000,2,292550,B
RIH1,F,20110111100056627,255224606,178720.00000,1,292550,B
GDH1,F,20110111100056627,255224607,1381.00000,16,54300,S
SiH1,F,20110111100056657,255224608,30726.00000,3,678762,S
RIH1,F,20110111100056767,255224609,178730.00000,1,292552,B
RIH1,F,20110111100056767,255224610,178735.00000,9,292552,B
RIH1,F,20110111100056797,255224611,178725.00000,1,292554,S
RIH1,F,20110111100057143,255224612,178750.00000,2,292560,B
RIH1,F,20110111100057143,255224613,178755.00000,2,292560,B
RIH1,F,20110111100057237,255224614,178750.00000,1,292562,B
RIH1,F,20110111100057563,255224617,178745.00000,2,292566,S
RIH1,F,20110111100057737,255224618,178760.00000,1,292566,B
EDH1,F,20110111100057877,255224620,1.29510,1,142960,S
EDH1,F,20110111100057877,255224621,1.29510,50,142960,S
EDH1,F,20110111100057877,255224622,1.29500,19,142960,S
EDH1,F,20110111100057877,255224623,1.29460,50,142960,S
EDH1,F,20110111100057877,255224624,1.29450,5,142960,S
SRH1,F,20110111100058347,255224626,10625.00000,6,649018,B
BRF1,F,20110111100058673,255224627,95.05000,5,60394,S
BRF1,F,20110111100058767,255224628,95.15000,4,60394,B
RNH1,F,20110111100058847,255224630,22148.00000,2,23528,B
LKH1,F,20110111100059347,255224633,17713.00000,1,79606,B
